appearance_id,game_id,player_id,player_club_id,player_current_club_id,date,player_name,competition_id,yellow_cards,red_cards,goals,assists,minutes_played
2231978_38004,2231978,38004,853,235,2012-07-03,Aurélien Joachim,CLQ,0,0,2,0,90
2233748_79232,2233748,79232,8841,2698,2012-07-05,Ruslan Abyshov,ELQ,0,0,0,0,90
2234413_42792,2234413,42792,6251,465,2012-07-05,Sander Puri,ELQ,0,0,0,0,45
2234418_73333,2234418,73333,1274,6646,2012-07-05,Vegar Hedenstad,ELQ,0,0,0,0,90
2234421_122011,2234421,122011,195,3008,2012-07-05,Markus Henriksen,ELQ,0,0,0,1,90
2234421_146889,2234421,146889,195,2778,2012-07-05,Peter Ankersen,ELQ,1,0,0,0,90
2235539_28716,2235539,28716,282,7185,2012-07-05,Adi Adilovic,ELQ,0,0,0,0,90
2235539_69445,2235539,69445,282,19771,2012-07-05,Ivan Sesar,ELQ,1,0,0,1,90
2235545_19409,2235545,19409,317,200,2012-07-05,Willem Janssen,ELQ,0,0,0,0,45
2235545_30003,2235545,30003,317,317,2012-07-05,Wout Brama,ELQ,0,0,0,0,90
2235545_30667,2235545,30667,317,317,2012-07-05,Robbert Schilder,ELQ,0,0,2,1,90
2235545_34129,2235545,34129,317,1435,2012-07-05,Wesley Verhoek,ELQ,0,0,0,0,90
2235545_36139,2235545,36139,317,36,2012-07-05,Dušan Tadić,ELQ,0,0,1,0,45
2235545_4520,2235545,4520,317,317,2012-07-05,Peter Wisgerhof,ELQ,0,0,0,0,90
2235545_4582,2235545,4582,317,317,2012-07-05,Sander Boschker,ELQ,0,0,0,0,90
2235545_47740,2235545,47740,317,1426,2012-07-05,Nils Röseler,ELQ,0,0,0,0,90
2235545_59631,2235545,59631,317,6890,2012-07-05,Nacer Chadli,ELQ,0,0,0,3,45
2235545_60312,2235545,60312,317,1426,2012-07-05,Joshua John,ELQ,0,0,1,1,45
2235545_63342,2235545,63342,317,11282,2012-07-05,Leroy Fer,ELQ,0,0,0,0,26
2235545_63356,2235545,63356,317,1304,2012-07-05,Tim Breukers,ELQ,0,0,0,0,90
2235545_80073,2235545,80073,317,11282,2012-07-05,Glynor Plet,ELQ,0,0,2,1,90
2235545_84260,2235545,84260,317,403,2012-07-05,Nicky Kuiper,ELQ,0,0,0,0,64
2235769_75109,2235769,75109,11907,2227,2012-07-05,Célio Santos,ELQ,0,0,0,0,90
2235777_63496,2235777,63496,3811,4128,2012-07-05,Vladimirs Kamess,ELQ,0,0,0,0,75
2234404_14940,2234404,14940,660,367,2012-07-09,Razvan Rat,UKRS,0,0,0,0,90
2234404_14942,2234404,14942,660,1390,2012-07-09,Darijo Srna,UKRS,0,0,0,1,90
2234404_15033,2234404,15033,2783,2783,2012-07-09,Velizar Dimitrov,UKRS,0,0,0,0,81
2234404_24000,2234404,24000,2783,10690,2012-07-09,Vyacheslav Checher,UKRS,1,0,0,0,90
2234404_24633,2234404,24633,660,660,2012-07-09,Eduardo,UKRS,0,0,0,0,25
2234404_26267,2234404,26267,660,281,2012-07-09,Fernandinho,UKRS,0,0,0,1,90
2234404_27108,2234404,27108,2783,2783,2012-07-09,Konstantinos Makridis,UKRS,0,0,0,0,90
2234404_39996,2234404,39996,660,660,2012-07-09,Andriy Pyatov,UKRS,0,0,0,0,90
2234404_43308,2234404,43308,2783,2783,2012-07-09,Denys Golaydo,UKRS,0,0,0,0,90
2234404_44357,2234404,44357,660,2477,2012-07-09,Oleksandr Kucher,UKRS,1,0,0,0,90
2234404_45812,2234404,45812,2783,128,2012-07-09,Djordje Lazic,UKRS,0,0,0,0,66
2234404_48974,2234404,48974,660,589,2012-07-09,Luiz Adriano,UKRS,0,0,1,0,65
2234404_51232,2234404,51232,2783,589,2012-07-09,Danilo,UKRS,0,0,0,0,45
2234404_52937,2234404,52937,660,660,2012-07-09,Ilsinho,UKRS,0,0,0,0,25
2234404_55734,2234404,55734,2783,3999,2012-07-09,Gevorg Ghazaryan,UKRS,0,0,0,0,90
2234404_55735,2234404,55735,660,46,2012-07-09,Henrikh Mkhitaryan,UKRS,0,0,0,0,90
2234404_59148,2234404,59148,2783,2727,2012-07-09,Oleksandr Volovyk,UKRS,2,0,0,0,85
2234404_59389,2234404,59389,2783,6992,2012-07-09,Mykola Morozyuk,UKRS,0,0,0,0,90
2234404_59411,2234404,59411,660,1083,2012-07-09,Marko Devic,UKRS,1,0,0,0,13
2234404_59970,2234404,59970,660,48332,2012-07-09,Taras Stepanenko,UKRS,1,0,0,0,90
2234404_60324,2234404,60324,2783,2783,2012-07-09,Gregory Nelson,UKRS,0,0,0,0,90
2234404_66515,2234404,66515,660,3385,2012-07-09,Alex Teixeira,UKRS,0,0,0,0,77
2234404_73769,2234404,73769,2783,2783,2012-07-09,Zé Soares,UKRS,0,0,0,0,45
2234404_74843,2234404,74843,2783,2783,2012-07-09,Vitaliy Ivanko,UKRS,0,0,0,0,9
2234404_75615,2234404,75615,660,506,2012-07-09,Douglas Costa,UKRS,0,0,1,0,65
2234404_85969,2234404,85969,2783,61825,2012-07-09,Oleksandr Bandura,UKRS,0,0,0,0,90
2234404_87893,2234404,87893,2783,2477,2012-07-09,Vasyl Pryima,UKRS,0,0,0,0,24
2234404_89222,2234404,89222,660,6992,2012-07-09,Yaroslav Rakitskyi,UKRS,1,0,0,0,90
2231980_38004,2231980,38004,853,235,2012-07-10,Aurélien Joachim,CLQ,0,0,2,0,62
2233750_79232,2233750,79232,8841,2698,2012-07-10,Ruslan Abyshov,ELQ,0,0,1,0,90
2235544_158810,2235544,158810,1101,1053,2012-07-10,Oscar Hiljemark,ELQ,0,0,1,0,65
3434798_268055,3434798,268055,3834,1083,2012-07-11,Maksim Lepskiy,RUP,0,0,1,0,87
3434803_271384,3434803,271384,37022,2703,2012-07-11,Igor Khaymanov,RUP,2,0,0,0,42
3434803_72496,3434803,72496,37022,3725,2012-07-11,Roland Gigolaev,RUP,1,0,1,0,100
2234422_73333,2234422,73333,1274,6646,2012-07-12,Vegar Hedenstad,ELQ,1,0,0,0,90
2235540_28716,2235540,28716,282,7185,2012-07-12,Adi Adilovic,ELQ,0,0,0,0,90
2235540_69445,2235540,69445,282,19771,2012-07-12,Ivan Sesar,ELQ,0,0,0,1,90
2235546_125102,2235546,125102,317,317,2012-07-12,Mirco Born,ELQ,0,0,0,0,45
2235546_182381,2235546,182381,317,232,2012-07-12,Quincy Promes,ELQ,0,0,0,0,90
2235546_19409,2235546,19409,317,200,2012-07-12,Willem Janssen,ELQ,0,0,1,0,90
2235546_232499,2235546,232499,317,1304,2012-07-12,Coen Gortemaker,ELQ,0,0,0,0,19
2235546_232500,2235546,232500,317,317,2012-07-12,Tim Hölscher,ELQ,0,0,0,0,28
2235546_30003,2235546,30003,317,317,2012-07-12,Wout Brama,ELQ,0,0,0,1,62
2235546_34129,2235546,34129,317,1435,2012-07-12,Wesley Verhoek,ELQ,0,0,0,2,90
2235546_4520,2235546,4520,317,317,2012-07-12,Peter Wisgerhof,ELQ,0,0,1,0,71
2235546_4582,2235546,4582,317,317,2012-07-12,Sander Boschker,ELQ,0,0,0,0,90
2235546_47740,2235546,47740,317,1426,2012-07-12,Nils Röseler,ELQ,0,0,0,0,90
2235546_60312,2235546,60312,317,1426,2012-07-12,Joshua John,ELQ,0,0,0,0,90
2235546_63356,2235546,63356,317,1304,2012-07-12,Tim Breukers,ELQ,1,0,0,0,90
2235546_80073,2235546,80073,317,11282,2012-07-12,Glynor Plet,ELQ,0,0,1,0,45
2235546_84260,2235546,84260,317,403,2012-07-12,Nicky Kuiper,ELQ,0,0,0,0,90
2235791_63496,2235791,63496,3811,4128,2012-07-12,Vladimirs Kamess,ELQ,0,0,1,1,79
2235799_75109,2235799,75109,11907,2227,2012-07-12,Célio Santos,ELQ,0,0,0,0,90
2236654_122011,2236654,122011,195,3008,2012-07-12,Markus Henriksen,ELQ,0,0,0,0,45
2236654_146889,2236654,146889,195,2778,2012-07-12,Peter Ankersen,ELQ,0,0,1,0,90
2222962_104351,2222962,104351,4482,4482,2012-07-13,Ramon Lopes,UKR1,1,0,1,0,90
2222962_12064,2222962,12064,4482,4482,2012-07-13,Igor Skoba,UKR1,0,0,0,0,90
2222962_120996,2222962,120996,2477,2477,2012-07-13,Volodymyr Gudyma,UKR1,0,0,0,0,45
2222962_135172,2222962,135172,2477,2477,2012-07-13,Igor Ozarkiv,UKR1,1,0,0,0,90
2222962_24976,2222962,24976,4482,4482,2012-07-13,Vance Sikov,UKR1,0,0,0,0,90
2222962_26303,2222962,26303,2477,2477,2012-07-13,Martin Bogatinov,UKR1,0,0,0,0,90
2222962_35259,2222962,35259,4482,4482,2012-07-13,Valentin Iliev,UKR1,0,0,0,0,90
2222962_36235,2222962,36235,4482,3714,2012-07-13,Petar Zanev,UKR1,0,0,0,0,90
2222962_36934,2222962,36934,2477,2477,2012-07-13,Ivan Milosevic,UKR1,1,0,0,0,90
2222962_43495,2222962,43495,4482,4482,2012-07-13,Sergiy Pylypchuk,UKR1,1,0,0,0,79
2222962_44662,2222962,44662,4482,2990,2012-07-13,Schumacher,UKR1,0,0,0,0,85
2222962_46504,2222962,46504,4482,11127,2012-07-13,Eric Bicfalvi,UKR1,0,0,0,1,90
2222962_53270,2222962,53270,2477,6992,2012-07-13,Oleksandr Gladkyi,UKR1,0,0,0,0,17
2222962_57888,2222962,57888,2477,23611,2012-07-13,Pavlo Ksyonz,UKR1,0,0,0,0,87
2222962_58016,2222962,58016,2477,55686,2012-07-13,Oleg Golodyuk,UKR1,0,0,0,0,90
2222962_58042,2222962,58042,2477,2477,2012-07-13,Igor Khudobyak,UKR1,0,0,0,1,45
2222962_58051,2222962,58051,2477,61825,2012-07-13,Mykhaylo Kopolovets,UKR1,0,0,0,0,3
2222962_58150,2222962,58150,2477,55686,2012-07-13,Andriy Tkachuk,UKR1,1,0,0,0,90
2222962_58252,2222962,58252,4482,18105,2012-07-13,Sergiy Siminin,UKR1,0,0,0,0,90
2222962_58425,2222962,58425,2477,16247,2012-07-13,Igor Oshchypko,UKR1,0,0,0,0,90
2222962_58976,2222962,58976,4482,6994,2012-07-13,Maksim Startsev,UKR1,0,0,0,0,90
2222962_65297,2222962,65297,4482,4482,2012-07-13,Danijel Subotic,UKR1,1,0,0,0,90
2222962_73185,2222962,73185,2477,383,2012-07-13,Lucas Pérez,UKR1,1,0,1,0,90
2222962_91563,2222962,91563,4482,4482,2012-07-13,Aleksey Babyr,UKR1,0,0,0,0,11
2222962_94926,2222962,94926,2477,3691,2012-07-13,Oleksandr Kasyan,UKR1,0,0,0,0,73
2222962_97335,2222962,97335,2477,157,2012-07-13,Igor Plastun,UKR1,0,0,0,0,90
2222962_97859,2222962,97859,4482,16245,2012-07-13,Evgeniy Pavlov,UKR1,0,0,0,0,5
2224728_102132,2224728,102132,1053,1053,2012-07-13,Nicklas Helenius,DK1,0,0,0,0,90
2224728_102134,2224728,102134,1053,1177,2012-07-13,Kasper Kusk,DK1,0,0,0,0,90
2224728_119169,2224728,119169,678,86,2012-07-13,Aron Jóhannsson,DK1,0,0,0,0,90
2224728_1197,2224728,1197,678,678,2012-07-13,Peter Graulund,DK1,1,0,0,0,64
2224728_129092,2224728,129092,1053,1053,2012-07-13,Rasmus Thelander,DK1,0,0,0,0,2
2224728_148344,2224728,148344,1053,1053,2012-07-13,Lucas Andersen,DK1,0,0,0,0,74
2224728_14971,2224728,14971,678,678,2012-07-13,Hjalte Bo Nörregaard,DK1,0,0,0,0,16
2224728_15118,2224728,15118,1053,1053,2012-07-13,Thomas Augustinussen,DK1,0,0,0,1,90
2224728_15135,2224728,15135,1053,1053,2012-07-13,Rasmus Würtz,DK1,0,0,0,0,88
2224728_15386,2224728,15386,678,20100,2012-07-13,Sören Berg,DK1,0,0,0,0,54
2224728_22887,2224728,22887,678,20100,2012-07-13,Anders Kure,DK1,0,0,0,0,90
2224728_22917,2224728,22917,1053,173,2012-07-13,Kenneth Emil Petersen,DK1,1,0,0,0,90
2224728_22923,2224728,22923,678,678,2012-07-13,Steffen Rasmussen,DK1,0,0,0,0,90
2224728_23160,2224728,23160,678,1177,2012-07-13,Stephan Petersen,DK1,0,0,0,0,74
2224728_23201,2224728,23201,1053,20100,2012-07-13,Anders Due,DK1,0,0,0,0,90
2224728_26774,2224728,26774,678,678,2012-07-13,Atle Roar Haland,DK1,0,0,0,0,90
2224728_27612,2224728,27612,1053,1063,2012-07-13,Jeppe Curth,DK1,0,0,1,0,16
2224728_30699,2224728,30699,678,678,2012-07-13,Arthur Sorin,DK1,0,0,0,0,90
2224728_37222,2224728,37222,1053,1053,2012-07-13,Patrick Kristensen,DK1,0,0,0,0,26
2224728_48803,2224728,48803,1053,1053,2012-07-13,Jakob Ahlmann,DK1,1,0,0,0,64
2224728_5892,2224728,5892,678,678,2012-07-13,Martin Jörgensen,DK1,0,0,1,0,90
2224728_68948,2224728,68948,678,22110,2012-07-13,Osama Akharraz,DK1,0,0,0,0,36
2224728_70554,2224728,70554,1053,5818,2012-07-13,Nicholas Gotfredsen,DK1,0,0,0,0,90
2224728_77655,2224728,77655,678,678,2012-07-13,Davit Devdariani,DK1,0,0,0,1,26
2224728_89208,2224728,89208,678,987,2012-07-13,Casper Sloth,DK1,0,0,0,0,90
2224728_92248,2224728,92248,1053,1177,2012-07-13,Nicolai Larsen,DK1,0,0,0,0,90
2224728_93315,2224728,93315,1053,678,2012-07-13,Henrik Dalsgaard,DK1,0,0,0,0,90
2224728_96331,2224728,96331,678,173,2012-07-13,Mikkel Kirkeskov,DK1,0,0,0,0,90
2222958_103950,2222958,103950,6993,11127,2012-07-14,Roman Emeljanov,UKR1,0,0,0,0,67
2222958_137939,2222958,137939,6993,16704,2012-07-14,Tornike Okriashvili,UKR1,0,0,0,0,90
2222958_20137,2222958,20137,6414,36,2012-07-14,José Sosa,UKR1,0,0,1,1,90
2222958_211314,2222958,211314,6414,6414,2012-07-14,Denys Barvinko,UKR1,0,0,0,0,90
2222958_24026,2222958,24026,6993,16247,2012-07-14,Kostyantyn Kravchenko,UKR1,0,0,0,0,23
2222958_25618,2222958,25618,6414,16247,2012-07-14,Sergiy Pshenychnykh,UKR1,0,0,0,0,90
2222958_27378,2222958,27378,6414,6414,2012-07-14,Cleiton Xavier,UKR1,0,0,0,0,90
2222958_30694,2222958,30694,6414,6414,2012-07-14,Juan Manuel Torres,UKR1,0,0,0,0,90
2222958_30803,2222958,30803,6414,6414,2012-07-14,Cristian Villagra,UKR1,1,0,0,0,90
2222958_42631,2222958,42631,6414,6414,2012-07-14,Oleksandr Goryainov,UKR1,0,0,0,0,90
2222958_43288,2222958,43288,6993,2740,2012-07-14,Oleksandr Chyzhov,UKR1,1,0,0,0,90
2222958_43359,2222958,43359,6414,2740,2012-07-14,Pavlo Rebenok,UKR1,0,0,1,0,22
2222958_53299,2222958,53299,6993,2477,2012-07-14,Kostyantyn Yaroshenko,UKR1,0,0,0,0,86
2222958_53477,2222958,53477,6414,1025,2012-07-14,Jonathan Cristaldo,UKR1,0,0,0,0,2
2222958_53523,2222958,53523,6414,6414,2012-07-14,Marco Torsiglieri,UKR1,0,0,0,0,90
2222958_54576,2222958,54576,6414,984,2012-07-14,Sebastián Blanco,UKR1,0,0,0,0,12
2222958_55115,2222958,55115,6993,18303,2012-07-14,David Targamadze,UKR1,0,0,0,0,45
2222958_58035,2222958,58035,6993,26459,2012-07-14,Mykola Ishchenko,UKR1,1,0,0,0,90
2222958_58043,2222958,58043,6993,6993,2012-07-14,Rustam Khudzhamov,UKR1,0,0,0,0,90
2222958_58403,2222958,58403,6993,61825,2012-07-14,Denys Kozhanov,UKR1,0,0,0,0,90
2222958_58413,2222958,58413,6414,48332,2012-07-14,Volodymyr Lysenko,UKR1,0,0,0,0,68
2222958_58440,2222958,58440,6993,6993,2012-07-14,Sergiy Shevchuk,UKR1,0,0,0,0,90
2222958_68778,2222958,68778,6414,660,2012-07-14,Marlos,UKR1,0,0,0,1,78
2222958_76028,2222958,76028,6414,1091,2012-07-14,Taison,UKR1,1,0,0,0,88
2222958_89556,2222958,89556,6993,3690,2012-07-14,Vitaliy Fedotov,UKR1,0,0,0,0,45
2222958_92635,2222958,92635,6993,6993,2012-07-14,Oleksandr Mandzyuk,UKR1,0,0,0,0,4
2222958_94922,2222958,94922,6993,18303,2012-07-14,Bogdan Butko,UKR1,0,0,0,0,90
2222958_94931,2222958,94931,6993,6993,2012-07-14,Vitaliy Vitsenets,UKR1,1,0,0,0,90
2222960_112953,2222960,112953,6992,6992,2012-07-14,Dmytro Bezotosnyi,UKR1,0,0,0,0,90
2222960_121218,2222960,121218,6996,6996,2012-07-14,Yevgen Yeliseev,UKR1,0,0,0,0,90
2222960_134609,2222960,134609,6996,6996,2012-07-14,Mykola Gibalyuk,UKR1,0,0,0,0,90
2222960_1716,2222960,1716,6996,6996,2012-07-14,David Odonkor,UKR1,0,0,0,1,27
2222960_17206,2222960,17206,6996,6996,2012-07-14,Aleksandar Trisovic,UKR1,0,0,0,0,14
2222960_22378,2222960,22378,6992,1091,2012-07-14,Léo Matos,UKR1,1,0,2,0,88
2222960_25891,2222960,25891,6992,6992,2012-07-14,Anatoliy Didenko,UKR1,0,0,0,0,31
2222960_27172,2222960,27172,6992,6996,2012-07-14,Pavlo Kutas,UKR1,0,0,0,0,90
2222960_34771,2222960,34771,6996,6996,2012-07-14,Oleksandr Kosyrin,UKR1,0,0,0,0,38
2222960_35435,2222960,35435,6992,6996,2012-07-14,Lucian Burdujan,UKR1,1,0,0,0,59
2222960_35908,2222960,35908,6996,6996,2012-07-14,Mirko Raicevic,UKR1,1,0,0,0,90
2222960_4678,2222960,4678,6992,7179,2012-07-14,Markus Berger,UKR1,0,0,0,0,90
2222960_58514,2222960,58514,6992,6992,2012-07-14,Elis Bakaj,UKR1,0,0,0,0,81
2222960_58606,2222960,58606,6992,6992,2012-07-14,Sergiy Politylo,UKR1,0,0,0,1,90
2222960_62515,2222960,62515,6992,6992,2012-07-14,Ivan Bobko,UKR1,0,0,0,0,2
2222960_64711,2222960,64711,6992,11127,2012-07-14,Pablo Fontanello,UKR1,0,0,0,0,90
2222960_65542,2222960,65542,6992,1085,2012-07-14,Tiago Terroso,UKR1,0,0,0,0,9
2222960_69913,2222960,69913,6992,3691,2012-07-14,Kyrylo Kovalchuk,UKR1,0,0,0,0,90
2222960_71725,2222960,71725,6996,6996,2012-07-14,Oleksandr Nad,UKR1,0,0,0,0,90
2222960_72899,2222960,72899,6996,6996,2012-07-14,Oleksandr Sytnyk,UKR1,0,0,0,0,63
2222960_8480,2222960,8480,6992,6992,2012-07-14,Sito Riera,UKR1,1,0,0,0,90
2222960_85964,2222960,85964,6992,6992,2012-07-14,Anderson Mineiro,UKR1,0,0,0,1,90
2222960_85973,2222960,85973,6996,6996,2012-07-14,Andriy Grynchenko,UKR1,1,0,0,0,90
2222960_91377,2222960,91377,6996,6996,2012-07-14,Dmytro Trukhin,UKR1,0,0,1,0,90
2222960_91450,2222960,91450,6996,4128,2012-07-14,Oleg Mishchenko,UKR1,0,0,1,0,52
2222960_93976,2222960,93976,6996,6996,2012-07-14,Stanislav Pechenkin,UKR1,0,0,0,0,76
2222960_95239,2222960,95239,6996,6996,2012-07-14,Pavlo Shchedrakov,UKR1,1,0,0,0,90
2222960_96455,2222960,96455,6996,601,2012-07-14,Yevgen Makarenko,UKR1,0,0,0,0,90
2222961_104331,2222961,104331,338,2700,2012-07-14,Lukman Haruna,UKR1,1,0,0,0,45
2222961_114937,2222961,114937,338,338,2012-07-14,Dudu,UKR1,0,0,0,0,45
2222961_15033,2222961,15033,2783,2783,2012-07-14,Velizar Dimitrov,UKR1,0,0,0,0,85
2222961_16746,2222961,16746,338,124,2012-07-14,Niko Kranjcar,UKR1,0,0,0,0,69
2222961_18445,2222961,18445,338,338,2012-07-14,Betão,UKR1,0,0,0,0,90
2222961_24000,2222961,24000,2783,10690,2012-07-14,Vyacheslav Checher,UKR1,1,0,0,0,90
2222961_27108,2222961,27108,2783,2783,2012-07-14,Konstantinos Makridis,UKR1,0,0,0,0,90
2222961_27954,2222961,27954,338,338,2012-07-14,Ognjen Vukojevic,UKR1,1,0,0,0,90
2222961_43308,2222961,43308,2783,2783,2012-07-14,Denys Golaydo,UKR1,0,0,0,0,90
2222961_45196,2222961,45196,338,932,2012-07-14,Taras Mykhalyk,UKR1,0,0,0,0,90
2222961_45812,2222961,45812,2783,128,2012-07-14,Djordje Lazic,UKR1,0,0,0,0,90
2222961_48740,2222961,48740,338,14171,2012-07-14,Milos Ninkovic,UKR1,0,0,0,0,21
2222961_51232,2222961,51232,2783,589,2012-07-14,Danilo,UKR1,1,0,0,0,72
2222961_55734,2222961,55734,2783,3999,2012-07-14,Gevorg Ghazaryan,UKR1,0,0,0,0,90
2222961_59045,2222961,59045,2783,2783,2012-07-14,Pavlo Gryshchenko,UKR1,0,0,0,0,5
2222961_59389,2222961,59389,2783,6992,2012-07-14,Mykola Morozyuk,UKR1,0,0,0,0,90
2222961_60324,2222961,60324,2783,2783,2012-07-14,Gregory Nelson,UKR1,0,0,0,0,31
2222961_61952,2222961,61952,338,338,2012-07-14,Danilo Silva,UKR1,0,0,0,0,90
2222961_64308,2222961,64308,338,1467,2012-07-14,Brown Ideye,UKR1,0,0,1,0,90
2222961_69004,2222961,69004,338,6992,2012-07-14,Yevgen Khacheridi,UKR1,0,0,0,0,90
2222961_69015,2222961,69015,338,338,2012-07-14,Andriy Yarmolenko,UKR1,0,0,0,1,90
2222961_70754,2222961,70754,338,55686,2012-07-14,Denys Garmash,UKR1,0,0,0,0,45
2222961_73769,2222961,73769,2783,2783,2012-07-14,Zé Soares,UKR1,0,0,0,0,59
2222961_74843,2222961,74843,2783,2783,2012-07-14,Vitaliy Ivanko,UKR1,0,0,0,0,18
2222961_85969,2222961,85969,2783,61825,2012-07-14,Oleksandr Bandura,UKR1,0,0,0,0,90
2222961_87893,2222961,87893,2783,2477,2012-07-14,Vasyl Pryima,UKR1,0,0,0,0,90
2222961_91931,2222961,91931,338,53646,2012-07-14,Denys Boyko,UKR1,0,0,0,0,90
2222961_9794,2222961,9794,338,338,2012-07-14,Oleg Gusev,UKR1,0,0,0,0,45
2222963_105362,2222963,105362,6994,39722,2012-07-14,Adolphe Teikeu,UKR1,1,0,0,0,90
2222963_105534,2222963,105534,6994,6994,2012-07-14,Artur Kaskov,UKR1,0,0,0,0,67
2222963_124182,2222963,124182,6994,968,2012-07-14,Sergiy Sydorchuk,UKR1,1,0,0,0,90
2222963_14927,2222963,14927,6994,6994,2012-07-14,Oleksiy Belik,UKR1,0,0,0,0,90
2222963_206717,2222963,206717,6994,667,2012-07-14,Eduard Sobol,UKR1,0,0,0,0,90
2222963_24010,2222963,24010,10690,10690,2012-07-14,Oleksandr Grytsay,UKR1,1,0,0,0,90
2222963_24670,2222963,24670,10690,10690,2012-07-14,Nikola Ignjatijevic,UKR1,0,0,0,0,45
2222963_37303,2222963,37303,10690,10690,2012-07-14,Zeljko Ljubenovic,UKR1,0,0,0,0,90
2222963_43276,2222963,43276,6994,6994,2012-07-14,Junior,UKR1,0,0,0,0,90
2222963_43393,2222963,43393,10690,10690,2012-07-14,Grygoriy Yarmash,UKR1,0,0,0,0,78
2222963_47375,2222963,47375,10690,6414,2012-07-14,Ivan Rodic,UKR1,0,0,0,1,35
2222963_49022,2222963,49022,6994,6994,2012-07-14,Vitaliy Rudenko,UKR1,0,0,0,0,90
2222963_58238,2222963,58238,10690,10690,2012-07-14,Mykyta Kamenyuka,UKR1,1,0,0,0,90
2222963_59249,2222963,59249,6994,6992,2012-07-14,Ivan Matyazh,UKR1,0,0,0,0,61
2222963_59266,2222963,59266,10690,10690,2012-07-14,Ilya Galyuza,UKR1,1,0,1,0,90
2222963_59269,2222963,59269,10690,10690,2012-07-14,Lucky Idahor,UKR1,0,0,1,0,90
2222963_59277,2222963,59277,10690,10690,2012-07-14,Dmytro Kozachenko,UKR1,0,0,0,0,90
2222963_59964,2222963,59964,6994,6994,2012-07-14,Yevgen Pisotskyi,UKR1,0,0,0,0,90
2222963_59973,2222963,59973,10690,3592,2012-07-14,Vitaliy Vernydub,UKR1,0,0,0,0,90
2222963_60790,2222963,60790,10690,121,2012-07-14,Toni Sunjic,UKR1,0,0,0,0,90
2222963_82608,2222963,82608,10690,10690,2012-07-14,Pavlo Khudzik,UKR1,0,0,0,0,45
2222963_85430,2222963,85430,10690,9007,2012-07-14,Jaba Lipartia,UKR1,0,0,0,0,55
2222963_86931,2222963,86931,6994,3592,2012-07-14,Yevgen Opanasenko,UKR1,0,0,0,0,90
2222963_87097,2222963,87097,6994,6993,2012-07-14,Sergiy Rudyka,UKR1,1,0,0,0,90
2222963_87864,2222963,87864,6994,6994,2012-07-14,Mohamed Achraf Khalfaoui,UKR1,1,0,0,0,29
2222963_90768,2222963,90768,10690,23611,2012-07-14,Yaroslav Oliynyk,UKR1,1,0,0,0,12
2222963_91259,2222963,91259,6994,6994,2012-07-14,Yuri Shturko,UKR1,0,0,0,0,23
2224732_100980,2224732,100980,5724,5724,2012-07-14,Mads Fenger,DK1,1,0,0,0,45
2224732_103428,2224732,103428,5817,173,2012-07-14,Bjørn Paulsen,DK1,0,0,0,0,27
2224732_103433,2224732,103433,5817,5818,2012-07-14,Jacob Tjörnelund,DK1,0,0,0,0,90
2224732_15039,2224732,15039,5724,1063,2012-07-14,Jonas Kamper,DK1,0,0,1,0,90
2224732_15049,2224732,15049,5817,5818,2012-07-14,Thomas Hansen,DK1,0,0,1,0,90
2224732_15243,2224732,15243,5817,5817,2012-07-14,Tommy Bechmann,DK1,0,0,0,0,12
2224732_15472,2224732,15472,5817,5817,2012-07-14,Hakon Opdal,DK1,0,0,0,0,90
2224732_161244,2224732,161244,5817,2414,2012-07-14,Conor O'Brien,DK1,0,0,1,0,90
2224732_20841,2224732,20841,5724,5817,2012-07-14,Anders Egholm,DK1,0,0,0,0,90
2224732_20844,2224732,20844,5817,5817,2012-07-14,Henrik Hansen,DK1,0,0,1,2,90
2224732_22176,2224732,22176,5724,1063,2012-07-14,Christian Keller,DK1,0,0,0,0,90
2224732_221916,2224732,221916,5817,5817,2012-07-14,Andreas Oggesen,DK1,0,0,0,0,8
2224732_22489,2224732,22489,5724,865,2012-07-14,Frank Kristensen,DK1,0,0,0,0,90
2224732_22516,2224732,22516,5724,5724,2012-07-14,Chris Sörensen,DK1,0,0,0,0,90
2224732_22913,2224732,22913,5724,865,2012-07-14,David Ousted,DK1,0,0,0,0,90
2224732_23111,2224732,23111,5724,5724,2012-07-14,Johnny Thomsen,DK1,0,0,0,0,90
2224732_23250,2224732,23250,5817,2414,2012-07-14,Niels Lodberg,DK1,0,0,0,0,90
2224732_23403,2224732,23403,5817,5817,2012-07-14,Henrik Bödker,DK1,0,0,0,0,82
2224732_36691,2224732,36691,5817,5817,2012-07-14,Jarl André Storbaek,DK1,0,0,1,0,90
2224732_43015,2224732,43015,5724,5818,2012-07-14,Tidiane Sané,DK1,0,0,0,0,90
2224732_4351,2224732,4351,5724,5724,2012-07-14,Remco van der Schaaf,DK1,0,0,0,0,45
2224732_44423,2224732,44423,5724,5818,2012-07-14,Adama Tamboura,DK1,0,0,0,0,45
2224732_46007,2224732,46007,5724,865,2012-07-14,Ronnie Schwartz,DK1,0,0,0,0,70
2224732_50651,2224732,50651,5817,865,2012-07-14,Eyjólfur Hédinsson,DK1,0,0,0,0,63
2224732_61335,2224732,61335,5724,5724,2012-07-14,Alexander Fischer,DK1,0,0,0,0,45
2224732_61423,2224732,61423,5724,369,2012-07-14,Lasse Rise,DK1,0,0,0,0,20
2224732_62680,2224732,62680,5817,865,2012-07-14,Lasse Vibe,DK1,0,0,1,1,90
2224732_83882,2224732,83882,5817,5818,2012-07-14,Quincy Antipas,DK1,0,0,1,2,78
2245041_13121,2245041,13121,964,441,2012-07-14,Bruno Alves,RUSS,0,0,0,0,66
2245041_15117,2245041,15117,964,964,2012-07-14,Konstantin Zyryanov,RUSS,0,0,0,0,19
2245041_15368,2245041,15368,964,964,2012-07-14,Vyacheslav Malafeev,RUSS,0,0,0,0,90
2245041_15373,2245041,15373,964,964,2012-07-14,Sergey Semak,RUSS,0,0,0,0,45
2245041_15381,2245041,15381,964,964,2012-07-14,Aleksandr Kerzhakov,RUSS,0,0,0,0,90
2245041_15647,2245041,15647,964,40426,2012-07-14,Vladimir Bystrov,RUSS,1,0,0,0,71
2245041_15650,2245041,15650,964,932,2012-07-14,Igor Denisov,RUSS,1,0,0,0,90
2245041_15872,2245041,15872,2698,2698,2012-07-14,Roman Sharonov,RUSS,0,0,0,0,90
2245041_19712,2245041,19712,964,964,2012-07-14,Aleksandar Lukovic,RUSS,0,0,0,0,24
2245041_2050,2245041,2050,2698,24,2012-07-14,Nelson Valdez,RUSS,0,0,0,0,26
2245041_20587,2245041,20587,964,2861,2012-07-14,Nicolas Lombaerts,RUSS,0,0,0,0,90
2245041_25035,2245041,25035,2698,41201,2012-07-14,Sergey Ryzhikov,RUSS,0,0,0,0,90
2245041_25856,2245041,25856,2698,16704,2012-07-14,Vitaliy Kaleshin,RUSS,0,0,0,0,16
2245041_29056,2245041,29056,2698,2698,2012-07-14,César Navas,RUSS,0,0,0,0,90
2245041_38799,2245041,38799,2698,2698,2012-07-14,Oleg Kuzmin,RUSS,0,0,0,0,90
2245041_40254,2245041,40254,964,964,2012-07-14,Viktor Faizulin,RUSS,0,0,0,0,90
2245041_42678,2245041,42678,2698,276,2012-07-14,Salvatore Bocchetti,RUSS,1,0,1,0,90
2245041_44136,2245041,44136,964,252,2012-07-14,Domenico Criscito,RUSS,1,0,0,0,90
2245041_44367,2245041,44367,2698,1083,2012-07-14,Roman Eremenko,RUSS,0,0,0,1,90
2245041_45491,2245041,45491,964,2698,2012-07-14,Aleksandr Bukharov,RUSS,0,0,0,0,45
2245041_48550,2245041,48550,964,232,2012-07-14,Roman Shirokov,RUSS,0,0,0,0,90
2245041_55854,2245041,55854,2698,416,2012-07-14,Cristian Ansaldi,RUSS,1,0,0,0,90
2245041_56637,2245041,56637,2698,3719,2012-07-14,Vladimir Dyadyun,RUSS,0,0,1,0,74
2245041_57723,2245041,57723,2698,720,2012-07-14,Iván Marcano,RUSS,0,0,0,0,11
2245041_5794,2245041,5794,2698,3368,2012-07-14,Obafemi Martins,RUSS,1,0,0,0,64
2245041_63252,2245041,63252,964,244,2012-07-14,Tomas Hubocan,RUSS,0,0,0,0,90
2245041_6871,2245041,6871,2698,2698,2012-07-14,Gökdeniz Karadeniz,RUSS,0,0,0,0,79
2245041_7252,2245041,7252,2698,1186,2012-07-14,Aleksandr Ryazantsev,RUSS,0,0,0,1,90
2222957_121026,2222957,121026,2227,18105,2012-07-15,Yuriy Putrash,UKR1,0,0,0,0,45
2222957_13113,2222957,13113,2227,2227,2012-07-15,Marco Né,UKR1,0,0,0,0,58
2222957_140561,2222957,140561,339,9007,2012-07-15,Michael Odibe,UKR1,0,0,0,0,21
2222957_15067,2222957,15067,2227,2227,2012-07-15,Maksym Kalynychenko,UKR1,0,0,0,0,90
2222957_18091,2222957,18091,339,1533,2012-07-15,Derek Boateng,UKR1,0,0,0,0,90
2222957_23443,2222957,23443,339,339,2012-07-15,Ondrej Mazuch,UKR1,0,0,0,0,90
2222957_24008,2222957,24008,2227,2672,2012-07-15,Rubén Gomez,UKR1,1,0,0,0,90
2222957_24043,2222957,24043,2227,339,2012-07-15,Sergiy Nazarenko,UKR1,0,0,0,1,90
2222957_24049,2222957,24049,339,338,2012-07-15,Ruslan Rotan,UKR1,1,0,0,1,82
2222957_25823,2222957,25823,339,2698,2012-07-15,Vitaliy Denisov,UKR1,0,0,1,0,90
2222957_28186,2222957,28186,339,339,2012-07-15,Jan Lastuvka,UKR1,0,0,0,0,90
2222957_39253,2222957,39253,2227,61825,2012-07-15,Anton Shynder,UKR1,0,0,0,0,90
2222957_39792,2222957,39792,2227,2227,2012-07-15,Marin Ljubicic,UKR1,0,0,0,0,90
2222957_42933,2222957,42933,2227,2227,2012-07-15,Anis Boussaidi,UKR1,1,0,0,0,90
2222957_45343,2222957,45343,2227,4482,2012-07-15,Oleg Gumenyuk,UKR1,0,0,0,0,90
2222957_49008,2222957,49008,339,339,2012-07-15,Vitaliy Mandzyuk,UKR1,0,0,0,0,90
2222957_54375,2222957,54375,339,6890,2012-07-15,Giuliano,UKR1,1,0,2,0,76
2222957_57895,2222957,57895,339,63007,2012-07-15,Denys Oliynyk,UKR1,0,0,0,0,69
2222957_57987,2222957,57987,339,339,2012-07-15,Yevgen Cheberyachko,UKR1,0,0,0,0,90
2222957_58008,2222957,58008,2227,9007,2012-07-15,Maksym Feshchuk,UKR1,0,0,1,0,32
2222957_58949,2222957,58949,339,660,2012-07-15,Yevgen Konoplyanka,UKR1,2,0,0,0,30
2222957_59076,2222957,59076,339,6992,2012-07-15,Sergiy Kravchenko,UKR1,0,0,0,0,14
2222957_59893,2222957,59893,2227,2740,2012-07-15,Oleksandr Romanchuk,UKR1,0,0,0,0,45
2222957_70767,2222957,70767,339,150,2012-07-15,Roman Zozulya,UKR1,0,0,0,1,90
2222957_92046,2222957,92046,2227,6414,2012-07-15,Sergiy Pogorilyi,UKR1,0,0,0,0,90
2222957_9369,2222957,9369,2227,3690,2012-07-15,Dele Adeleye,UKR1,0,0,0,0,90
2222957_9796,2222957,9796,339,2700,2012-07-15,Oleksandr Aliyev,UKR1,0,0,0,0,8
2222959_14942,2222959,14942,660,1390,2012-07-15,Darijo Srna,UKR1,0,0,0,0,90
2222959_23379,2222959,23379,9007,60551,2012-07-15,Volodymyr Polyovyi,UKR1,0,0,0,0,90
2222959_24633,2222959,24633,660,660,2012-07-15,Eduardo,UKR1,0,0,0,0,27
2222959_25820,2222959,25820,660,660,2012-07-15,Vyacheslav Shevchuk,UKR1,0,0,0,0,90
2222959_26267,2222959,26267,660,281,2012-07-15,Fernandinho,UKR1,0,0,0,0,90
2222959_28964,2222959,28964,9007,16245,2012-07-15,Saulius Mikoliunas,UKR1,1,0,0,0,45
2222959_39996,2222959,39996,660,660,2012-07-15,Andriy Pyatov,UKR1,0,0,0,0,90
2222959_42622,2222959,42622,9007,16247,2012-07-15,Leandro,UKR1,1,0,0,0,69
2222959_42641,2222959,42641,9007,6996,2012-07-15,Andriy Khomyn,UKR1,0,0,0,0,45
2222959_43309,2222959,43309,9007,16247,2012-07-15,Volodymyr Gomenyuk,UKR1,0,0,0,0,57
2222959_43934,2222959,43934,9007,9007,2012-07-15,Ionut Mazilu,UKR1,0,0,0,0,33
2222959_44357,2222959,44357,660,2477,2012-07-15,Oleksandr Kucher,UKR1,0,0,0,0,90
2222959_45341,2222959,45341,9007,121,2012-07-15,George Florescu,UKR1,0,0,0,0,90
2222959_45587,2222959,45587,9007,9007,2012-07-15,Rafael Santos,UKR1,0,0,0,0,90
2222959_49024,2222959,49024,9007,16245,2012-07-15,Sergiy Symonenko,UKR1,0,0,0,0,90
2222959_52937,2222959,52937,660,660,2012-07-15,Ilsinho,UKR1,0,0,1,1,27
2222959_55735,2222959,55735,660,46,2012-07-15,Henrikh Mkhitaryan,UKR1,0,0,2,2,90
2222959_58970,2222959,58970,9007,10690,2012-07-15,Yevgen Shakhov,UKR1,0,0,0,0,90
2222959_59024,2222959,59024,9007,6992,2012-07-15,Yevgen Borovyk,UKR1,0,0,0,0,90
2222959_59411,2222959,59411,660,1083,2012-07-15,Marko Devic,UKR1,0,0,1,0,21
2222959_59908,2222959,59908,660,61825,2012-07-15,Yevgen Seleznyov,UKR1,0,0,1,2,63
2222959_59913,2222959,59913,9007,9007,2012-07-15,Artem Stargorodskyi,UKR1,0,0,0,0,90
2222959_66515,2222959,66515,660,3385,2012-07-15,Alex Teixeira,UKR1,0,0,1,0,69
2222959_75615,2222959,75615,660,506,2012-07-15,Douglas Costa,UKR1,0,0,0,1,63
2222959_85563,2222959,85563,9007,9007,2012-07-15,Dominic Adiyiah,UKR1,0,0,0,0,21
2222959_89222,2222959,89222,660,6992,2012-07-15,Yaroslav Rakitskyi,UKR1,0,0,0,0,90
2222959_9688,2222959,9688,660,660,2012-07-15,Tomas Hübschman,UKR1,0,0,0,0,90
2222959_9798,2222959,9798,9007,6996,2012-07-15,Maksim Shatskikh,UKR1,0,0,0,0,90
2222964_120144,2222964,120144,2740,21957,2012-07-15,Yevgen Budnik,UKR1,0,0,0,0,10
2222964_15593,2222964,15593,3592,3691,2012-07-15,Sergey Samodin,UKR1,0,0,0,0,75
2222964_15596,2222964,15596,3592,4482,2012-07-15,Bogdan Shershun,UKR1,0,0,0,0,90
2222964_24004,2222964,24004,2740,2740,2012-07-15,Sergiy Dolganskyi,UKR1,0,1,0,0,85
2222964_25758,2222964,25758,3592,339,2012-07-15,Jaba Kankava,UKR1,0,0,0,0,90
2222964_25845,2222964,25845,3592,6992,2012-07-15,Oleksiy Antonov,UKR1,0,0,1,0,15
2222964_28179,2222964,28179,3592,49364,2012-07-15,Mladen Bartulovic,UKR1,0,0,0,0,90
2222964_34641,2222964,34641,3592,3592,2012-07-15,Darijan Matic,UKR1,1,0,0,0,90
2222964_35607,2222964,35607,2740,2740,2012-07-15,Armend Dallku,UKR1,0,0,0,0,90
2222964_35633,2222964,35633,3592,3592,2012-07-15,Jiri Jeslinek,UKR1,1,0,0,0,45
2222964_36149,2222964,36149,2740,2740,2012-07-15,Jovan Markoski,UKR1,1,0,0,0,77
2222964_43404,2222964,43404,2740,60551,2012-07-15,Oleksiy Chychykov,UKR1,0,0,0,0,16
2222964_55975,2222964,55975,3592,339,2012-07-15,Ucha Lobzhanidze,UKR1,0,0,0,0,90
2222964_57900,2222964,57900,3592,9007,2012-07-15,Vyacheslav Serdyuk,UKR1,0,0,0,0,9
2222964_58392,2222964,58392,3592,83678,2012-07-15,Vitaliy Fedoriv,UKR1,0,0,0,0,81
2222964_58418,2222964,58418,2740,48332,2012-07-15,Vadym Milko,UKR1,0,0,0,0,13
2222964_58427,2222964,58427,3592,48332,2012-07-15,Kyrylo Petrov,UKR1,0,0,0,0,90
2222964_58930,2222964,58930,2740,2740,2012-07-15,Volodymyr Chesnakov,UKR1,1,0,0,0,90
2222964_58958,2222964,58958,2740,18303,2012-07-15,Oleksandr Matveyev,UKR1,0,0,0,0,90
2222964_58961,2222964,58961,3592,18303,2012-07-15,Pavlo Pashayev,UKR1,0,0,0,0,45
2222964_59129,2222964,59129,2740,2740,2012-07-15,Vadym Sapay,UKR1,0,0,0,0,90
2222964_59150,2222964,59150,2740,2740,2012-07-15,Ahmed Januzi,UKR1,1,0,0,0,90
2222964_61462,2222964,61462,3592,23611,2012-07-15,Rinar Valeev,UKR1,1,0,0,0,90
2222964_68915,2222964,68915,2740,6414,2012-07-15,Oleg Krasnopyorov,UKR1,0,0,0,0,90
2222964_86502,2222964,86502,2740,2740,2012-07-15,Ivan Kryvosheenko,UKR1,0,0,0,0,74
2222964_89427,2222964,89427,2740,2740,2012-07-15,Yevgen Pichkur,UKR1,0,0,0,0,80
2222964_91540,2222964,91540,3592,3592,2012-07-15,Artem Shtanko,UKR1,0,0,0,0,90
2222964_97567,2222964,97567,2740,157,2012-07-15,Roman Bezus,UKR1,0,0,0,0,90
2224729_104918,2224729,104918,173,865,2012-07-15,Christian Sørensen,DK1,0,0,0,0,25
2224729_15209,2224729,15209,173,173,2012-07-15,Andreas Johansson,DK1,1,0,0,0,90
2224729_15961,2224729,15961,173,190,2012-07-15,Rúrik Gíslason,DK1,0,0,0,0,90
2224729_1725,2224729,1725,173,173,2012-07-15,Jesper Christiansen,DK1,0,0,0,0,90
2224729_18006,2224729,18006,206,897,2012-07-15,Michael Krohn-Dehli,DK1,0,0,0,0,33
2224729_194129,2224729,194129,206,206,2012-07-15,Oke Akpoveta,DK1,0,0,0,0,16
2224729_20838,2224729,20838,173,5818,2012-07-15,Hans Henrik Andreasen,DK1,0,0,0,0,83
2224729_20857,2224729,20857,173,173,2012-07-15,Anders Möller Christensen,DK1,0,0,0,0,90
2224729_22519,2224729,22519,206,5724,2012-07-15,Mikkel Thygesen,DK1,0,0,0,0,90
2224729_24113,2224729,24113,173,173,2012-07-15,Espen Ruud,DK1,0,0,0,0,90
2224729_2703,2224729,2703,173,173,2012-07-15,Morten Skoubo,DK1,0,0,0,0,7
2224729_39467,2224729,39467,206,206,2012-07-15,Clarence Goodson,DK1,0,0,0,0,90
2224729_41328,2224729,41328,173,173,2012-07-15,Tore Reginiussen,DK1,0,0,0,0,7
2224729_43075,2224729,43075,206,206,2012-07-15,Michael Törnes,DK1,0,0,0,0,90
2224729_43077,2224729,43077,206,206,2012-07-15,Mike Jensen,DK1,1,0,0,0,90
2224729_44717,2224729,44717,206,1177,2012-07-15,Nicolaj Agger,DK1,0,0,0,0,74
2224729_48764,2224729,48764,206,20100,2012-07-15,Anders Randrup,DK1,0,0,0,0,85
2224729_68980,2224729,68980,206,1894,2012-07-15,Daniel Stenderup,DK1,0,0,0,0,90
2224729_69643,2224729,69643,206,206,2012-07-15,Daniel Norouzi,DK1,0,0,0,0,90
2224729_69646,2224729,69646,206,449,2012-07-15,Jens Stryger Larsen,DK1,1,0,0,0,57
2224729_70544,2224729,70544,173,443,2012-07-15,Jacob Schoop,DK1,0,0,1,0,83
2224729_78818,2224729,78818,206,317,2012-07-15,Dario Dumic,DK1,0,0,0,0,5
2224729_87162,2224729,87162,206,1894,2012-07-15,Simon Makienok,DK1,0,0,0,0,90
2224729_89082,2224729,89082,206,206,2012-07-15,Franck Semou,DK1,0,0,0,0,90
2224729_89200,2224729,89200,173,173,2012-07-15,Rasmus Falk,DK1,0,0,0,1,90
2224729_91851,2224729,91851,173,173,2012-07-15,Bashkim Kadrii,DK1,0,0,0,0,90
2224729_99100,2224729,99100,173,5724,2012-07-15,Daniel Høegh,DK1,0,0,0,0,90
2224729_99106,2224729,99106,173,369,2012-07-15,Emil Larsen,DK1,0,0,0,0,65
2224730_108315,2224730,108315,1177,5818,2012-07-15,Simon Jakobsen,DK1,0,0,0,0,90
2224730_132401,2224730,132401,3426,3426,2012-07-15,Mikkel Agger,DK1,0,0,0,0,8
2224730_144904,2224730,144904,3426,3426,2012-07-15,Jonas Knudsen,DK1,0,0,0,0,87
2224730_14962,2224730,14962,1177,1177,2012-07-15,Jesper Bech,DK1,0,0,0,1,90
2224730_15128,2224730,15128,1177,1053,2012-07-15,Kasper Risgaard,DK1,0,0,1,0,90
2224730_164693,2224730,164693,3426,5724,2012-07-15,Jakob Ankersen,DK1,0,0,1,0,90
2224730_187957,2224730,187957,1177,678,2012-07-15,Daniel Pedersen,DK1,1,0,0,0,66
2224730_20843,2224730,20843,1177,1177,2012-07-15,Frank Hansen,DK1,0,0,0,0,90
2224730_20855,2224730,20855,3426,3426,2012-07-15,Jerry Lucena,DK1,0,0,0,0,90
2224730_22484,2224730,22484,1177,865,2012-07-15,Lasse Heinze,DK1,0,0,0,0,90
2224730_22495,2224730,22495,1177,1177,2012-07-15,Jesper Mikkelsen,DK1,1,0,0,0,90
2224730_23205,2224730,23205,3426,3426,2012-07-15,Steffen Ernemann,DK1,0,0,0,0,3
2224730_23463,2224730,23463,1177,1177,2012-07-15,Christian Holst,DK1,0,0,0,0,78
2224730_37227,2224730,37227,1177,1177,2012-07-15,Dennis Flinta,DK1,1,0,0,1,24
2224730_37635,2224730,37635,3426,678,2012-07-15,Jesper Lange,DK1,0,0,1,0,90
2224730_41843,2224730,41843,3426,1177,2012-07-15,Mikkel Vendelbo,DK1,0,0,0,0,90
2224730_44471,2224730,44471,3426,467,2012-07-15,Sören Rieks,DK1,0,0,0,1,90
2224730_46004,2224730,46004,1177,1177,2012-07-15,Thorbjörn Holst Rasmussen,DK1,0,0,0,0,90
2224730_48015,2224730,48015,3426,162,2012-07-15,Lukas Hradecky,DK1,0,0,0,0,90
2224730_48897,2224730,48897,1177,1177,2012-07-15,Ade Runsewe,DK1,0,0,0,1,90
2224730_52117,2224730,52117,1177,5724,2012-07-15,Marvin Pourié,DK1,0,0,2,0,89
2224730_56986,2224730,56986,3426,3426,2012-07-15,Davidson Eden,DK1,0,0,0,0,90
2224730_62445,2224730,62445,3426,1063,2012-07-15,Sebastian Andersen,DK1,0,0,0,1,82
2224730_78953,2224730,78953,1177,5724,2012-07-15,Martin Svensson,DK1,0,0,0,0,1
2224730_89197,2224730,89197,1177,5817,2012-07-15,Nicolaj Ritter,DK1,0,0,0,0,12
2224730_91469,2224730,91469,3426,2778,2012-07-15,Kian Hansen,DK1,0,0,0,0,90
2224730_95732,2224730,95732,3426,714,2012-07-15,Martin Braithwaite,DK1,0,0,0,0,90
2224733_100399,2224733,100399,190,190,2012-07-15,Nicolai Jörgensen,DK1,0,0,0,0,32
2224733_102043,2224733,102043,865,49702,2012-07-15,Sly,DK1,0,0,1,0,90
2224733_102045,2224733,102045,865,173,2012-07-15,Izunna Uzochukwu,DK1,1,0,0,0,90
2224733_103558,2224733,103558,190,173,2012-07-15,Mos,DK1,0,0,0,0,58
2224733_124983,2224733,124983,190,190,2012-07-15,Bryan Oviedo,DK1,0,0,1,1,90
2224733_140446,2224733,140446,865,5817,2012-07-15,Rilwan Hassan,DK1,0,0,0,1,90
2224733_1423,2224733,1423,190,855,2012-07-15,Lars Jacobsen,DK1,0,0,0,0,90
2224733_148369,2224733,148369,865,865,2012-07-15,Mads Pedersen,DK1,0,0,0,0,12
2224733_14963,2224733,14963,190,3426,2012-07-15,Martin Bergvold,DK1,0,0,0,0,2
2224733_15765,2224733,15765,865,865,2012-07-15,Tim Janssen,DK1,1,0,1,0,90
2224733_16675,2224733,16675,190,190,2012-07-15,César Santin,DK1,0,0,2,2,90
2224733_18097,2224733,18097,865,865,2012-07-15,Benjamin Kibebe,DK1,0,0,0,0,88
2224733_20313,2224733,20313,865,678,2012-07-15,Jesper Juelsgaard,DK1,0,0,0,0,90
2224733_203412,2224733,203412,190,190,2012-07-15,Andreas Cornelius,DK1,0,0,1,0,32
2224733_21338,2224733,21338,190,11127,2012-07-15,Sölvi Ottesen,DK1,1,0,0,0,90
2224733_22499,2224733,22499,865,865,2012-07-15,Kristian Bach Bak,DK1,0,0,0,0,90
2224733_22995,2224733,22995,865,5818,2012-07-15,Danny Olsen,DK1,0,0,0,1,83
2224733_23492,2224733,23492,190,1268,2012-07-15,Thomas Kristensen,DK1,0,0,0,0,90
2224733_23592,2224733,23592,190,2778,2012-07-15,Martin Vingaard,DK1,1,0,0,1,88
2224733_24404,2224733,24404,190,190,2012-07-15,Johan Sellberg-Wiland,DK1,0,0,0,0,90
2224733_38163,2224733,38163,190,190,2012-07-15,Christian Bolaños,DK1,0,0,0,0,58
2224733_46478,2224733,46478,190,190,2012-07-15,Ragnar Sigurdsson,DK1,0,0,0,0,90
2224733_48805,2224733,48805,865,5724,2012-07-15,Mads Albaek,DK1,0,0,0,0,78
2224733_48864,2224733,48864,865,5724,2012-07-15,Jesper Lauridsen,DK1,0,0,0,0,7
2224733_48870,2224733,48870,865,865,2012-07-15,Jonas Lössl,DK1,0,0,0,0,90
2224733_48907,2224733,48907,865,865,2012-07-15,Erik Sviatchenko,DK1,2,0,0,0,81
2224733_68275,2224733,68275,190,6912,2012-07-15,Claudemir,DK1,0,1,0,0,71
2224733_68826,2224733,68826,865,2414,2012-07-15,Jude Nworuh,DK1,0,0,0,0,2
3434809_214243,3434809,214243,21637,11127,2012-07-15,Dmitriy Efremov,RUP,0,0,0,0,67
2224731_103434,2224731,103434,2414,173,2012-07-16,Troels Klöve,DK1,0,0,0,0,12
2224731_107775,2224731,107775,2414,89,2012-07-16,Frederik Rönnow,DK1,0,0,0,0,90
2224731_109012,2224731,109012,2778,2778,2012-07-16,Ivan Runje,DK1,1,0,0,0,90
2224731_129085,2224731,129085,2778,1053,2012-07-16,Jores Okore,DK1,0,0,0,0,90
2224731_153538,2224731,153538,2414,2414,2012-07-16,André Bjerregaard,DK1,0,0,0,0,25
2224731_1606,2224731,1606,2414,2414,2012-07-16,Morten Rasmussen,DK1,0,0,0,0,90
2224731_186064,2224731,186064,2778,2778,2012-07-16,Lasse Petry,DK1,0,0,0,0,90
2224731_20854,2224731,20854,2414,2414,2012-07-16,Lasse Kryger,DK1,0,0,0,0,90
2224731_22513,2224731,22513,2778,2778,2012-07-16,Nicolai Stokholm,DK1,0,0,1,0,90
2224731_22827,2224731,22827,2414,2414,2012-07-16,Thomas Kortegaard,DK1,0,0,0,0,90
2224731_22860,2224731,22860,2778,678,2012-07-16,Jesper Hansen,DK1,0,0,0,0,90
2224731_22881,2224731,22881,2414,2414,2012-07-16,Steffen Kielstrup,DK1,0,0,0,0,78
2224731_22896,2224731,22896,2778,2778,2012-07-16,Kasper Lorentzen,DK1,0,0,1,0,77
2224731_23005,2224731,23005,2414,2414,2012-07-16,Nabil Aslam,DK1,0,0,0,0,75
2224731_23410,2224731,23410,2778,2778,2012-07-16,Sören Christensen,DK1,0,0,0,1,90
2224731_23538,2224731,23538,2778,678,2012-07-16,Morten Nordstrand,DK1,0,0,0,1,25
2224731_34357,2224731,34357,2778,2778,2012-07-16,Rawez Lawan,DK1,0,0,0,0,25
2224731_35959,2224731,35959,2778,2778,2012-07-16,Henrik Kildentoft,DK1,1,0,0,0,90
2224731_42366,2224731,42366,2414,5724,2012-07-16,Mads Agesen,DK1,0,0,0,0,15
2224731_42383,2224731,42383,2414,2414,2012-07-16,Jeppe Mehl,DK1,0,0,0,0,90
2224731_43010,2224731,43010,2414,1894,2012-07-16,Martin Spelmann,DK1,2,0,0,0,28
2224731_44567,2224731,44567,2778,2778,2012-07-16,Tobias Mikkelsen,DK1,0,0,0,0,65
2224731_44825,2224731,44825,2778,2778,2012-07-16,Andreas Laudrup,DK1,0,0,1,1,65
2224731_49143,2224731,49143,2414,1063,2012-07-16,Ken Fagerberg,DK1,0,0,0,0,65
2224731_50580,2224731,50580,2414,2414,2012-07-16,Janus Drachmann,DK1,0,0,0,0,90
2224731_63459,2224731,63459,2414,173,2012-07-16,Alexander Juel Andersen,DK1,0,0,0,0,90
2224731_66638,2224731,66638,2778,498,2012-07-16,Mario Ticinovic,DK1,0,0,0,0,90
2224731_76274,2224731,76274,2778,607,2012-07-16,Christian Gytkjaer,DK1,0,0,1,0,13
2231984_74602,2231984,74602,84,65,2012-07-17,József Varga,CLQ,1,0,0,0,90
2231986_129787,2231986,129787,6028,28643,2012-07-17,Barak Badash,CLQ,0,0,0,0,77
2231990_90024,2231990,90024,699,1245,2012-07-17,Alfred Finnbogason,CLQ,0,0,0,0,90
2231993_26934,2231993,26934,697,3216,2012-07-17,David Bicik,CLQ,0,0,0,0,90
2231995_114728,2231995,114728,10719,2698,2012-07-17,Mamuka Kobakhidze,CLQ,0,0,0,0,90
2231995_179624,2231995,179624,10719,4482,2012-07-17,Abayomi Seun,CLQ,0,0,0,0,59
2231996_72836,2231996,72836,2481,5817,2012-07-17,João Pereira,CLQ,0,0,0,0,90
2240716_143556,2240716,143556,669,29228,2012-07-17,Nikola Aksentijevic,CLQ,0,0,0,0,90
2240716_29237,2240716,29237,669,142,2012-07-17,Stefan Babovic,CLQ,1,0,0,3,90
2240716_95314,2240716,95314,669,820,2012-07-17,Nemanja Tomic,CLQ,0,0,1,0,76
2244350_29456,2244350,29456,409,202,2012-07-17,Rasmus Lindgren,CLQ,0,0,0,0,16
2244350_38004,2244350,38004,853,235,2012-07-17,Aurélien Joachim,CLQ,0,0,1,0,86
2231987_102284,2231987,102284,713,1083,2012-07-18,Marko Simic,CLQ,1,0,0,0,90
2231992_62054,2231992,62054,687,180,2012-07-18,Vegard Forren,CLQ,1,0,1,0,90
2231994_13972,2231994,13972,419,68608,2012-07-18,Tonel,CLQ,1,0,0,0,90
2231994_40633,2231994,40633,419,252,2012-07-18,Milan Badelj,CLQ,0,0,0,0,90
2231994_46083,2231994,46083,419,2441,2012-07-18,Domagoj Vida,CLQ,0,0,0,0,90
2231994_51471,2231994,51471,419,281,2012-07-18,Mateo Kovacic,CLQ,0,0,0,0,90
2222360_109,2222360,109,825,825,2012-07-19,Dedê,ELQ,0,0,0,0,90
2222360_111432,2222360,111432,2578,1241,2012-07-19,Stevie May,ELQ,0,0,0,0,12
2222360_12575,2222360,12575,2578,2578,2012-07-19,David McCracken,ELQ,0,0,0,0,90
2222360_14754,2222360,14754,2578,2578,2012-07-19,Sean Higgins,ELQ,0,0,0,0,69
2222360_17386,2222360,17386,825,524,2012-07-19,Hürriyet Gücer,ELQ,0,0,0,0,90
2222360_21372,2222360,21372,2578,2578,2012-07-19,Jamie Adams,ELQ,0,0,0,0,78
2222360_22809,2222360,22809,2578,2578,2012-07-19,Kevin Moon,ELQ,0,0,0,0,5
2222360_23674,2222360,23674,825,449,2012-07-19,Erkan Zengin,ELQ,0,0,0,0,85
2222360_31336,2222360,31336,825,589,2012-07-19,Ruud Boffin,ELQ,0,0,0,0,90
2222360_33958,2222360,33958,825,2381,2012-07-19,Burhan Eser,ELQ,0,0,0,0,12
2222360_3413,2222360,3413,825,2292,2012-07-19,Rodrigo Tello,ELQ,0,0,0,0,21
2222360_34560,2222360,34560,2578,2578,2012-07-19,Patrick Cregg,ELQ,0,0,0,0,85
2222360_35531,2222360,35531,2578,2578,2012-07-19,Liam Craig,ELQ,0,0,0,0,90
2222360_36637,2222360,36637,2578,2760,2012-07-19,Gary Miller,ELQ,0,0,0,0,90
2222360_36658,2222360,36658,2578,2578,2012-07-19,Frazer Wright,ELQ,0,0,0,0,90
2222360_36724,2222360,36724,2578,2578,2012-07-19,Chris Millar,ELQ,0,0,0,0,90
2222360_38283,2222360,38283,825,825,2012-07-19,Patryk Malecki,ELQ,0,0,0,0,78
2222360_4251,2222360,4251,2578,2578,2012-07-19,Callum Davidson,ELQ,0,0,0,0,90
2222360_45555,2222360,45555,2578,2578,2012-07-19,Murray Davidson,ELQ,0,0,0,0,90
2222360_52270,2222360,52270,825,2381,2012-07-19,Batuhan Karadeniz,ELQ,0,0,0,0,69
2222360_53436,2222360,53436,825,825,2012-07-19,Atdhe Nuhiu,ELQ,0,0,0,0,5
2222360_59333,2222360,59333,825,820,2012-07-19,Diego Ângelo,ELQ,0,0,0,0,90
2222360_6053,2222360,6053,825,825,2012-07-19,Diomansy Kamara,ELQ,0,0,0,1,90
2222360_62855,2222360,62855,2578,2578,2012-07-19,Alan Mannus,ELQ,0,0,0,0,90
2222360_7041,2222360,7041,825,3216,2012-07-19,Servet Cetin,ELQ,0,0,0,0,90
2222360_88212,2222360,88212,2578,798,2012-07-19,Nigel Hasselbaink,ELQ,0,0,0,0,21
2222360_88374,2222360,88374,825,589,2012-07-19,Veysel Sarı,ELQ,0,0,0,1,90
2222360_99186,2222360,99186,825,126,2012-07-19,Alper Potuk,ELQ,0,0,1,0,90
2232099_53359,2232099,53359,159,720,2012-07-19,Evandro,ELQ,0,0,0,0,71
2232104_119169,2232104,119169,678,86,2012-07-19,Aron Jóhannsson,ELQ,0,0,0,0,74
2232104_1197,2232104,1197,678,678,2012-07-19,Peter Graulund,ELQ,0,0,0,0,59
2232104_14971,2232104,14971,678,678,2012-07-19,Hjalte Bo Nörregaard,ELQ,0,0,0,0,90
2232104_15386,2232104,15386,678,20100,2012-07-19,Sören Berg,ELQ,0,0,0,0,16
2232104_174001,2232104,174001,678,1177,2012-07-19,Davit Skhirtladze,ELQ,0,0,0,0,16
2232104_22887,2232104,22887,678,20100,2012-07-19,Anders Kure,ELQ,0,0,1,0,90
2232104_22923,2232104,22923,678,678,2012-07-19,Steffen Rasmussen,ELQ,0,0,0,0,90
2232104_23160,2232104,23160,678,1177,2012-07-19,Stephan Petersen,ELQ,0,0,0,0,90
2232104_26774,2232104,26774,678,678,2012-07-19,Atle Roar Haland,ELQ,0,0,0,0,90
2232104_27565,2232104,27565,32017,5817,2012-07-19,Marin Skender,ELQ,0,0,0,0,90
2232104_30699,2232104,30699,678,678,2012-07-19,Arthur Sorin,ELQ,0,0,0,0,90
2232104_37138,2232104,37138,678,465,2012-07-19,Adam Eckersley,ELQ,0,0,0,0,90
2232104_5892,2232104,5892,678,678,2012-07-19,Martin Jörgensen,ELQ,0,0,0,0,90
2232104_68948,2232104,68948,678,22110,2012-07-19,Osama Akharraz,ELQ,0,0,0,0,74
2232104_77655,2232104,77655,678,678,2012-07-19,Davit Devdariani,ELQ,0,0,0,0,31
2232104_87142,2232104,87142,32017,1177,2012-07-19,Mate Vatsadze,ELQ,1,0,1,0,82
2233924_160506,2233924,160506,447,206,2012-07-19,Josip Radosevic,ELQ,1,0,0,0,90
2233924_99345,2233924,99345,447,28643,2012-07-19,Ante Vukusic,ELQ,1,0,1,1,90
2243578_122011,2243578,122011,195,3008,2012-07-19,Markus Henriksen,ELQ,0,0,0,1,90
2243578_146889,2243578,146889,195,2778,2012-07-19,Peter Ankersen,ELQ,1,0,0,0,90
2243582_110326,2243582,110326,2700,2700,2012-07-19,Jucilei,ELQ,0,0,1,0,90
2243582_15018,2243582,15018,2700,498,2012-07-19,João Carlos,ELQ,0,0,0,0,90
2243582_16760,2243582,16760,2700,3719,2012-07-19,Yuriy Zhirkov,ELQ,1,0,0,0,77
2243582_23996,2243582,23996,2700,932,2012-07-19,Moubarak Boussoufa,ELQ,0,0,0,0,90
2243582_24131,2243582,24131,2700,2282,2012-07-19,Vladimir Gabulov,ELQ,0,0,0,0,90
2243582_29016,2243582,29016,2700,265,2012-07-19,Christopher Samba,ELQ,1,0,0,0,90
2243582_4257,2243582,4257,2700,2293,2012-07-19,Samuel Eto'o,ELQ,0,0,0,0,90
2243582_49474,2243582,49474,2700,2696,2012-07-19,Shamil Lakhiyalov,ELQ,0,0,0,0,21
2243582_49485,2243582,49485,2700,2700,2012-07-19,Rasim Tagirbekov,ELQ,0,0,0,0,13
2243582_50355,2243582,50355,2700,16704,2012-07-19,Fedor Smolov,ELQ,0,0,0,0,7
2243582_59187,2243582,59187,2700,11127,2012-07-19,Oleg Shatov,ELQ,0,0,0,1,69
2243582_63606,2243582,63606,2700,16704,2012-07-19,Odil Akhmedov,ELQ,0,0,0,0,90
2243582_69006,2243582,69006,2700,1416,2012-07-19,Lacina Traore,ELQ,0,0,0,0,83
2243582_88615,2243582,88615,2700,1083,2012-07-19,Arseniy Logashov,ELQ,0,0,0,0,90
2243586_75816,2243586,75816,448,1531,2012-07-19,Miroslav Stevanovic,ELQ,0,0,0,0,90
2244316_28716,2244316,28716,282,7185,2012-07-19,Adi Adilovic,ELQ,0,0,0,0,90
2244316_69445,2244316,69445,282,19771,2012-07-19,Ivan Sesar,ELQ,0,0,0,0,90
2244321_79232,2244321,79232,8841,2698,2012-07-19,Ruslan Abyshov,ELQ,1,0,0,1,90
2244323_136397,2244323,136397,499,11127,2012-07-19,Giorgi Chanturia,ELQ,0,0,0,0,10
2244323_147034,2244323,147034,499,2503,2012-07-19,Marco van Ginkel,ELQ,0,0,2,0,90
2244323_148657,2244323,148657,499,631,2012-07-19,Tomas Kalas,ELQ,0,0,0,0,90
2244323_19061,2244323,19061,499,403,2012-07-19,Frank van der Struijk,ELQ,0,0,0,0,20
2244323_191830,2244323,191830,499,499,2012-07-19,Renato Ibarra,ELQ,0,0,0,1,80
2244323_30585,2244323,30585,499,1090,2012-07-19,Piet Velthuizen,ELQ,0,0,0,0,90
2244323_4424,2244323,4424,499,403,2012-07-19,Nicky Hofs,ELQ,0,0,0,2,62
2244323_45538,2244323,45538,499,403,2012-07-19,Jan-Arie van der Heijden,ELQ,0,0,0,0,90
2244323_52119,2244323,52119,499,468,2012-07-19,Patrick van Aanholt,ELQ,0,0,0,0,70
2244323_53444,2244323,53444,499,499,2012-07-19,Jonathan Reis,ELQ,0,0,1,0,90
2244323_55972,2244323,55972,499,540,2012-07-19,Guram Kashia,ELQ,0,0,0,0,90
2244323_77394,2244323,77394,499,499,2012-07-19,Michihiro Yasuda,ELQ,0,0,0,0,90
2244323_79027,2244323,79027,499,499,2012-07-19,Davy Pröpper,ELQ,0,0,0,0,28
2244323_81808,2244323,81808,499,467,2012-07-19,Wilfried Bony,ELQ,0,0,1,1,90
2244324_157543,2244324,157543,6676,6070,2012-07-19,Dimitrios Kourbelis,ELQ,0,0,0,0,1
2244324_162571,2244324,162571,6676,265,2012-07-19,Anastasios Bakasetas,ELQ,0,0,0,1,37
2244324_19940,2244324,19940,6676,441,2012-07-19,Leandro Álvarez,ELQ,0,0,0,0,90
2244324_24226,2244324,24226,6676,3999,2012-07-19,Georgios Bantis,ELQ,0,0,0,0,90
2244324_24859,2244324,24859,6676,653,2012-07-19,Michalis Fragoulakis,ELQ,0,0,0,0,53
2244324_29073,2244324,29073,6676,3060,2012-07-19,Fernando Usero,ELQ,0,0,0,0,90
2244324_34200,2244324,34200,6676,28956,2012-07-19,Christos Pipinis,ELQ,0,0,0,0,3
2244324_34324,2244324,34324,6676,4603,2012-07-19,Emanuel Perrone,ELQ,1,0,1,0,90
2244324_55869,2244324,55869,6676,6676,2012-07-19,Lautaro Formica,ELQ,0,0,0,0,90
2244324_65343,2244324,65343,6676,4603,2012-07-19,Ximo Navarro,ELQ,0,0,0,0,90
2244324_72934,2244324,72934,6676,6676,2012-07-19,Rayo,ELQ,0,0,0,0,87
2244324_7795,2244324,7795,6676,6676,2012-07-19,Juanito,ELQ,0,0,0,0,90
2244324_89278,2244324,89278,6676,441,2012-07-19,Sebastián Bartolini,ELQ,0,0,0,0,90
2244324_96818,2244324,96818,6676,441,2012-07-19,Savvas Tsabouris,ELQ,0,0,0,0,90
2244327_110822,2244327,110822,157,520,2012-07-19,Hannes Van Der Bruggen,ELQ,0,0,0,0,90
2244327_13073,2244327,13073,157,3508,2012-07-19,Mohamed Messoudi,ELQ,0,0,0,0,79
2244327_138812,2244327,138812,157,2861,2012-07-19,Ibrahima Conté,ELQ,0,0,0,0,90
2244327_15717,2244327,15717,157,5220,2012-07-19,Melli,ELQ,0,0,0,0,90
2244327_15798,2244327,15798,157,2441,2012-07-19,César Arzo,ELQ,0,0,1,0,90
2244327_215114,2244327,215114,157,58,2012-07-19,Thomas Foket,ELQ,0,0,0,0,11
2244327_38449,2244327,38449,157,6418,2012-07-19,Wouter Corstjens,ELQ,0,0,0,1,90
2244327_38978,2244327,38978,157,3508,2012-07-19,Christian Brüls,ELQ,0,0,0,0,90
2244327_43982,2244327,43982,157,1411,2012-07-19,Shlomi Arbeitman,ELQ,0,0,0,0,19
2244327_49656,2244327,49656,157,157,2012-07-19,Rémi Maréval,ELQ,1,0,0,0,90
2244327_49772,2244327,49772,157,157,2012-07-19,Mario Baric,ELQ,0,0,0,0,90
2244327_79573,2244327,79573,157,202,2012-07-19,Sergio Padt,ELQ,0,0,0,0,90
2244327_80383,2244327,80383,157,157,2012-07-19,Rodgers Kola,ELQ,0,0,0,0,71
2244330_32860,2244330,32860,2784,3725,2012-07-19,Aílton,ELQ,0,0,1,0,90
2244331_112674,2244331,112674,9095,499,2012-07-19,Dan Mori,ELQ,0,0,0,0,45
2244332_24000,2244332,24000,2783,10690,2012-07-19,Vyacheslav Checher,ELQ,0,0,0,0,90
2244332_27108,2244332,27108,2783,2783,2012-07-19,Konstantinos Makridis,ELQ,0,0,2,1,90
2244332_43308,2244332,43308,2783,2783,2012-07-19,Denys Golaydo,ELQ,0,0,0,0,90
2244332_45812,2244332,45812,2783,128,2012-07-19,Djordje Lazic,ELQ,0,0,0,0,90
2244332_51232,2244332,51232,2783,589,2012-07-19,Danilo,ELQ,0,0,1,0,54
2244332_52915,2244332,52915,2783,660,2012-07-19,Júnior Moraes,ELQ,0,0,1,1,36
2244332_55734,2244332,55734,2783,3999,2012-07-19,Gevorg Ghazaryan,ELQ,1,0,3,2,90
2244332_59045,2244332,59045,2783,2783,2012-07-19,Pavlo Gryshchenko,ELQ,0,0,0,0,14
2244332_59148,2244332,59148,2783,2727,2012-07-19,Oleksandr Volovyk,ELQ,0,0,0,0,90
2244332_59389,2244332,59389,2783,6992,2012-07-19,Mykola Morozyuk,ELQ,0,0,0,1,90
2244332_60324,2244332,60324,2783,2783,2012-07-19,Gregory Nelson,ELQ,0,0,0,0,26
2244332_73769,2244332,73769,2783,2783,2012-07-19,Zé Soares,ELQ,0,0,0,2,64
2244332_85969,2244332,85969,2783,61825,2012-07-19,Oleksandr Bandura,ELQ,0,0,0,0,90
2244332_87893,2244332,87893,2783,2477,2012-07-19,Vasyl Pryima,ELQ,1,0,0,0,76
2244334_100485,2244334,100485,318,2381,2012-07-19,Arkadiusz Piech,ELQ,0,0,2,0,90
2244336_158810,2244336,158810,1101,1053,2012-07-19,Oscar Hiljemark,ELQ,0,0,0,0,90
2244338_15131,2244338,15131,452,173,2012-07-19,Michael Silberbauer,ELQ,0,0,0,0,90
2244338_55709,2244338,55709,452,180,2012-07-19,Emmanuel Mayuka,ELQ,0,0,0,0,90
2244338_88257,2244338,88257,452,987,2012-07-19,Juhani Ojala,ELQ,0,0,0,0,90
2244340_63496,2244340,63496,3811,4128,2012-07-19,Vladimirs Kamess,ELQ,0,0,0,1,90
2244341_42792,2244341,42792,6251,465,2012-07-19,Sander Puri,ELQ,0,0,0,0,22
2244342_14641,2244342,14641,208,511,2012-07-19,Cillian Sheridan,ELQ,0,1,0,0,69
2244377_19409,2244377,19409,317,200,2012-07-19,Willem Janssen,ELQ,0,0,0,0,28
2244377_24480,2244377,24480,317,3216,2012-07-19,Nikolay Mihaylov,ELQ,0,0,0,0,90
2244377_30003,2244377,30003,317,317,2012-07-19,Wout Brama,ELQ,0,0,0,0,45
2244377_30667,2244377,30667,317,317,2012-07-19,Robbert Schilder,ELQ,0,0,0,0,90
2244377_36139,2244377,36139,317,36,2012-07-19,Dušan Tadić,ELQ,0,0,1,0,90
2244377_37080,2244377,37080,317,317,2012-07-19,Rasmus Bengtsson,ELQ,0,0,0,0,45
2244377_4520,2244377,4520,317,317,2012-07-19,Peter Wisgerhof,ELQ,0,0,0,0,90
2244377_49500,2244377,49500,317,45193,2012-07-19,Roberto Rosales,ELQ,0,0,0,1,90
2244377_59631,2244377,59631,317,6890,2012-07-19,Nacer Chadli,ELQ,0,0,0,0,90
2244377_63342,2244377,63342,317,11282,2012-07-19,Leroy Fer,ELQ,0,0,0,0,90
2244377_64590,2244377,64590,317,336,2012-07-19,Douglas,ELQ,0,0,0,0,90
2244377_79192,2244377,79192,317,192,2012-07-19,Edwin Gyasi,ELQ,0,0,0,0,62
2244377_80073,2244377,80073,317,11282,2012-07-19,Glynor Plet,ELQ,0,0,0,0,90
2245641_65236,2245641,65236,11107,7185,2012-07-19,Walter Fernández,ELQ,0,0,0,0,10
2222593_106675,2222593,106675,11126,3719,2012-07-20,Kirill Panchenko,RU1,0,0,1,1,90
2222593_107218,2222593,107218,11126,28095,2012-07-20,Evgeniy Osipov,RU1,1,0,1,0,90
2222593_117808,2222593,117808,11126,1186,2012-07-20,Yuri Kuleshov,RU1,0,0,0,1,90
2222593_117812,2222593,117812,11126,11126,2012-07-20,Aleksey Muldarov,RU1,0,0,0,0,90
2222593_119223,2222593,119223,11126,3729,2012-07-20,Ruslan Mukhametshin,RU1,0,0,0,0,90
2222593_119224,2222593,119224,11126,40426,2012-07-20,Rustem Mukhametshin,RU1,0,0,0,0,1
2222593_137206,2222593,137206,932,1091,2012-07-20,Magomed Ozdoev,RU1,0,1,1,0,87
2222593_15072,2222593,15072,932,11127,2012-07-20,Roman Pavlyuchenko,RU1,0,0,0,0,81
2222593_15076,2222593,15076,932,2696,2012-07-20,Aleksandr Samedov,RU1,0,0,0,0,89
2222593_15083,2222593,15083,932,3714,2012-07-20,Dmitriy Torbinski,RU1,0,0,1,1,34
2222593_207518,2222593,207518,932,932,2012-07-20,Miroslav Lobantsev,RU1,0,0,0,0,90
2222593_24984,2222593,24984,11126,11126,2012-07-20,Anton Bober,RU1,0,0,0,0,50
2222593_26153,2222593,26153,932,932,2012-07-20,Alberto Zapater,RU1,0,0,0,0,56
2222593_27986,2222593,27986,11126,11126,2012-07-20,Tomislav Dujmovic,RU1,0,0,0,0,83
2222593_28937,2222593,28937,932,2696,2012-07-20,Roman Shishkin,RU1,0,0,0,1,90
2222593_34393,2222593,34393,932,932,2012-07-20,Vedran Corluka,RU1,1,0,1,0,90
2222593_35852,2222593,35852,932,105,2012-07-20,Victor Obinna,RU1,0,0,0,0,90
2222593_36847,2222593,36847,11126,11126,2012-07-20,Aleksandar Simcevic,RU1,1,0,0,0,90
2222593_37834,2222593,37834,932,252,2012-07-20,Felipe Caicedo,RU1,0,0,0,0,9
2222593_48526,2222593,48526,11126,2439,2012-07-20,Roman Kontsedalov,RU1,0,0,0,0,40
2222593_48987,2222593,48987,932,232,2012-07-20,Andrey Eshchenko,RU1,1,0,0,0,90
2222593_49251,2222593,49251,932,11127,2012-07-20,Maksim Grigorjev,RU1,0,0,0,0,1
2222593_54291,2222593,54291,11126,3691,2012-07-20,Sergey Kuznetsov,RU1,0,0,0,0,7
2222593_55336,2222593,55336,932,3719,2012-07-20,Denis Glushakov,RU1,1,0,0,0,90
2222593_57631,2222593,57631,11126,3714,2012-07-20,David Yurchenko,RU1,0,0,0,0,90
2222593_69011,2222593,69011,11126,28095,2012-07-20,Pavel Stepanets,RU1,0,0,0,0,89
2222593_70212,2222593,70212,932,3729,2012-07-20,Taras Burlak,RU1,0,0,0,1,90
2222593_73998,2222593,73998,11126,11126,2012-07-20,Maksim Rogov,RU1,0,0,0,0,90
2222976_112953,2222976,112953,6992,6992,2012-07-20,Dmytro Bezotosnyi,UKR1,0,0,0,0,90
2222976_15593,2222976,15593,3592,3691,2012-07-20,Sergey Samodin,UKR1,0,0,0,0,86
2222976_15596,2222976,15596,3592,4482,2012-07-20,Bogdan Shershun,UKR1,0,0,0,0,90
2222976_22378,2222976,22378,6992,1091,2012-07-20,Léo Matos,UKR1,0,0,0,0,90
2222976_25758,2222976,25758,3592,339,2012-07-20,Jaba Kankava,UKR1,0,0,1,0,90
2222976_25845,2222976,25845,3592,6992,2012-07-20,Oleksiy Antonov,UKR1,0,0,0,0,4
2222976_25891,2222976,25891,6992,6992,2012-07-20,Anatoliy Didenko,UKR1,1,0,0,0,45
2222976_27172,2222976,27172,6992,6996,2012-07-20,Pavlo Kutas,UKR1,0,0,0,0,90
2222976_28179,2222976,28179,3592,49364,2012-07-20,Mladen Bartulovic,UKR1,0,0,0,1,90
2222976_34641,2222976,34641,3592,3592,2012-07-20,Darijan Matic,UKR1,0,0,0,0,90
2222976_35435,2222976,35435,6992,6996,2012-07-20,Lucian Burdujan,UKR1,0,0,0,0,90
2222976_35633,2222976,35633,3592,3592,2012-07-20,Jiri Jeslinek,UKR1,0,0,0,0,37
2222976_4678,2222976,4678,6992,7179,2012-07-20,Markus Berger,UKR1,0,0,0,0,90
2222976_49030,2222976,49030,6992,49364,2012-07-20,Denys Vasin,UKR1,1,0,0,0,6
2222976_55975,2222976,55975,3592,339,2012-07-20,Ucha Lobzhanidze,UKR1,1,0,0,0,90
2222976_57869,2222976,57869,3592,18303,2012-07-20,Denys Dedechko,UKR1,1,0,0,0,1
2222976_58392,2222976,58392,3592,83678,2012-07-20,Vitaliy Fedoriv,UKR1,0,0,0,0,90
2222976_58427,2222976,58427,3592,48332,2012-07-20,Kyrylo Petrov,UKR1,0,0,0,0,90
2222976_58514,2222976,58514,6992,6992,2012-07-20,Elis Bakaj,UKR1,0,0,0,0,90
2222976_58606,2222976,58606,6992,6992,2012-07-20,Sergiy Politylo,UKR1,0,0,0,0,58
2222976_58961,2222976,58961,3592,18303,2012-07-20,Pavlo Pashayev,UKR1,0,0,0,0,53
2222976_61462,2222976,61462,3592,23611,2012-07-20,Rinar Valeev,UKR1,0,0,0,0,90
2222976_62515,2222976,62515,6992,6992,2012-07-20,Ivan Bobko,UKR1,0,0,0,0,45
2222976_64711,2222976,64711,6992,11127,2012-07-20,Pablo Fontanello,UKR1,1,0,0,0,90
2222976_65542,2222976,65542,6992,1085,2012-07-20,Tiago Terroso,UKR1,0,0,0,0,32
2222976_69913,2222976,69913,6992,3691,2012-07-20,Kyrylo Kovalchuk,UKR1,0,0,0,0,84
2222976_85964,2222976,85964,6992,6992,2012-07-20,Anderson Mineiro,UKR1,0,0,0,0,90
2222976_91540,2222976,91540,3592,3592,2012-07-20,Artem Shtanko,UKR1,0,0,0,0,90
2224561_103434,2224561,103434,2414,173,2012-07-20,Troels Klöve,DK1,0,0,1,0,90
2224561_107775,2224561,107775,2414,89,2012-07-20,Frederik Rönnow,DK1,0,0,0,0,90
2224561_108315,2224561,108315,1177,5818,2012-07-20,Simon Jakobsen,DK1,0,0,0,0,1
2224561_14962,2224561,14962,1177,1177,2012-07-20,Jesper Bech,DK1,0,0,0,0,89
2224561_15128,2224561,15128,1177,1053,2012-07-20,Kasper Risgaard,DK1,1,0,0,0,90
2224561_153538,2224561,153538,2414,2414,2012-07-20,André Bjerregaard,DK1,0,0,0,0,29
2224561_1606,2224561,1606,2414,2414,2012-07-20,Morten Rasmussen,DK1,0,0,0,0,90
2224561_187957,2224561,187957,1177,678,2012-07-20,Daniel Pedersen,DK1,0,0,0,0,11
2224561_20843,2224561,20843,1177,1177,2012-07-20,Frank Hansen,DK1,1,0,0,0,90
2224561_20854,2224561,20854,2414,2414,2012-07-20,Lasse Kryger,DK1,0,0,0,0,90
2224561_22484,2224561,22484,1177,865,2012-07-20,Lasse Heinze,DK1,0,0,0,0,90
2224561_22495,2224561,22495,1177,1177,2012-07-20,Jesper Mikkelsen,DK1,0,0,0,0,90
2224561_22827,2224561,22827,2414,2414,2012-07-20,Thomas Kortegaard,DK1,0,0,0,1,90
2224561_22881,2224561,22881,2414,2414,2012-07-20,Steffen Kielstrup,DK1,1,0,0,0,90
2224561_23005,2224561,23005,2414,2414,2012-07-20,Nabil Aslam,DK1,0,0,0,0,15
2224561_23141,2224561,23141,2414,2414,2012-07-20,Henrik Toft,DK1,0,0,1,0,61
2224561_23463,2224561,23463,1177,1177,2012-07-20,Christian Holst,DK1,0,0,0,0,62
2224561_37227,2224561,37227,1177,1177,2012-07-20,Dennis Flinta,DK1,0,0,0,0,90
2224561_3947,2224561,3947,1177,1177,2012-07-20,Henrik Pedersen,DK1,0,0,0,0,28
2224561_42366,2224561,42366,2414,5724,2012-07-20,Mads Agesen,DK1,0,0,0,0,75
2224561_46004,2224561,46004,1177,1177,2012-07-20,Thorbjörn Holst Rasmussen,DK1,0,0,0,0,90
2224561_48897,2224561,48897,1177,1177,2012-07-20,Ade Runsewe,DK1,0,0,0,0,79
2224561_49143,2224561,49143,2414,1063,2012-07-20,Ken Fagerberg,DK1,0,0,0,1,84
2224561_50580,2224561,50580,2414,2414,2012-07-20,Janus Drachmann,DK1,0,0,0,0,90
2224561_52117,2224561,52117,1177,5724,2012-07-20,Marvin Pourié,DK1,0,0,0,0,90
2224561_62462,2224561,62462,2414,5817,2012-07-20,Kenan Hajdarevic,DK1,0,0,0,0,6
2224561_63459,2224561,63459,2414,173,2012-07-20,Alexander Juel Andersen,DK1,0,0,0,0,90
2224561_89197,2224561,89197,1177,5817,2012-07-20,Nicolaj Ritter,DK1,1,0,0,0,90
2222586_120630,2222586,120630,232,683,2012-07-21,Emmanuel Emenike,RU1,0,0,1,0,78
2222586_12540,2222586,12540,2703,2703,2012-07-21,Rudnei,RU1,0,0,0,1,90
2222586_145919,2222586,145919,2703,39722,2012-07-21,Arsen Khubulov,RU1,0,0,1,0,76
2222586_15595,2222586,15595,2703,2703,2012-07-21,Deividas Semberas,RU1,0,0,0,0,70
2222586_16690,2222586,16690,232,2698,2012-07-21,Diniyar Bilyaletdinov,RU1,0,0,0,0,83
2222586_19087,2222586,19087,232,132,2012-07-21,Demy de Zeeuw,RU1,1,0,0,0,90
2222586_21333,2222586,21333,232,903,2012-07-21,Aiden McGeady,RU1,0,0,0,0,90
2222586_25850,2222586,25850,232,16704,2012-07-21,Andriy Dykan,RU1,0,0,0,0,90
2222586_26591,2222586,26591,232,3729,2012-07-21,Kirill Kombarov,RU1,0,0,0,0,90
2222586_27017,2222586,27017,2703,3719,2012-07-21,Dmitriy Khomich,RU1,0,0,0,0,90
2222586_34542,2222586,34542,232,167,2012-07-21,Marek Suchy,RU1,1,0,0,0,90
2222586_36180,2222586,36180,2703,2703,2012-07-21,Anton Grigorjev,RU1,1,0,0,0,90
2222586_38539,2222586,38539,232,16704,2012-07-21,Ari,RU1,0,0,0,0,12
2222586_38782,2222586,38782,232,2696,2012-07-21,Dmitriy Kombarov,RU1,0,0,0,0,90
2222586_38790,2222586,38790,2703,28095,2012-07-21,Dmitri Golubov,RU1,0,0,0,0,14
2222586_41281,2222586,41281,232,368,2012-07-21,Nicolás Pareja,RU1,1,0,0,0,90
2222586_43716,2222586,43716,2703,2703,2012-07-21,Tamás Priskin,RU1,1,0,0,0,90
2222586_45593,2222586,45593,232,3205,2012-07-21,Welliton,RU1,1,0,0,0,27
2222586_48067,2222586,48067,232,71985,2012-07-21,Artem Dzyuba,RU1,0,0,0,1,63
2222586_49462,2222586,49462,2703,14589,2012-07-21,Mikhail Bakaev,RU1,0,0,0,0,20
2222586_55345,2222586,55345,2703,2703,2012-07-21,Dmitriy Grachev,RU1,0,0,0,0,30
2222586_55743,2222586,55743,2703,12438,2012-07-21,Simeon Bulgaru,RU1,0,0,0,0,60
2222586_56727,2222586,56727,2703,2703,2012-07-21,Cardoso,RU1,0,0,0,0,90
2222586_62524,2222586,62524,2703,11127,2012-07-21,Vladimir Khozin,RU1,0,0,0,0,90
2222586_63170,2222586,63170,232,2696,2012-07-21,Pavel Yakovlev,RU1,0,0,0,1,7
2222586_67917,2222586,67917,232,232,2012-07-21,Rafael Carioca,RU1,0,0,0,0,90
2222586_70229,2222586,70229,2703,2703,2012-07-21,Taras Tsarikaev,RU1,0,0,0,0,90
2222586_75085,2222586,75085,2703,2703,2012-07-21,Danilo Neco,RU1,0,0,0,0,90
2222587_102740,2222587,102740,2410,964,2012-07-21,Mário Fernandes,RU1,0,0,0,0,90
2222587_112088,2222587,112088,1083,2381,2012-07-21,Vitaliy Djakov,RU1,0,0,0,0,90
2222587_14937,2222587,14937,1083,897,2012-07-21,Stipe Pletikosa,RU1,0,0,0,0,90
2222587_15008,2222587,15008,1083,1083,2012-07-21,Edgaras Cesnauskis,RU1,0,0,0,0,21
2222587_15077,2222587,15077,1083,3729,2012-07-21,Aleksandr Sheshukov,RU1,1,0,0,0,90
2222587_15362,2222587,15362,2410,2410,2012-07-21,Vasiliy Berezutski,RU1,0,0,0,0,90
2222587_15570,2222587,15570,2410,2410,2012-07-21,Igor Akinfeev,RU1,0,0,0,0,90
2222587_15583,2222587,15583,1083,1083,2012-07-21,Dmitriy Kirichenko,RU1,1,0,0,0,17
2222587_168337,2222587,168337,2410,6799,2012-07-21,Ahmed Musa,RU1,0,0,0,0,1
2222587_20232,2222587,20232,1083,2696,2012-07-21,Benoît Angbwa,RU1,0,0,0,0,90
2222587_21750,2222587,21750,2410,2410,2012-07-21,Mark González,RU1,0,0,0,0,2
2222587_24116,2222587,24116,1083,1083,2012-07-21,Roman Adamov,RU1,1,0,0,0,90
2222587_25740,2222587,25740,1083,1083,2012-07-21,Dragan Blatnjak,RU1,0,0,0,0,69
2222587_26771,2222587,26771,1083,3691,2012-07-21,Jan Holenda,RU1,0,0,0,0,7
2222587_36688,2222587,36688,2410,1091,2012-07-21,Pontus Wernbloom,RU1,1,0,0,0,90
2222587_43938,2222587,43938,1083,6996,2012-07-21,Razvan Cocis,RU1,0,0,0,0,73
2222587_44318,2222587,44318,1083,1083,2012-07-21,Timofey Kalachev,RU1,0,0,0,0,83
2222587_46180,2222587,46180,2410,3999,2012-07-21,Zoran Tosic,RU1,0,0,0,0,90
2222587_51164,2222587,51164,2410,2410,2012-07-21,Aleksandrs Cauna,RU1,0,0,0,1,90
2222587_5245,2222587,5245,1083,1083,2012-07-21,Alexandru Gatcan,RU1,0,0,0,0,90
2222587_54287,2222587,54287,1083,2698,2012-07-21,Inal Getigezhev,RU1,0,0,0,0,90
2222587_66521,2222587,66521,2410,499,2012-07-21,Keisuke Honda,RU1,0,0,0,0,90
2222587_69683,2222587,69683,2410,3999,2012-07-21,Alan Dzagoev,RU1,0,0,0,0,88
2222587_70097,2222587,70097,2410,2410,2012-07-21,Georgiy Shchennikov,RU1,0,0,0,0,90
2222587_74725,2222587,74725,1083,3691,2012-07-21,Kornel Salata,RU1,1,0,0,0,90
2222587_75287,2222587,75287,2410,12321,2012-07-21,Seydou Doumbia,RU1,0,0,1,0,90
2222587_9644,2222587,9644,2410,2410,2012-07-21,Sergey Ignashevich,RU1,0,0,0,0,90
2222590_106617,2222590,106617,12438,3729,2012-07-21,Dmitriy Aydov,RU1,0,0,0,0,90
2222590_106619,2222590,106619,12438,40426,2012-07-21,Andrey Buyvolov,RU1,0,0,0,0,90
2222590_117802,2222590,117802,121,11127,2012-07-21,Vladimir Rykov,RU1,0,0,0,0,90
2222590_1331,2222590,1331,121,533,2012-07-21,Kevin Kuranyi,RU1,0,0,0,0,90
2222590_15112,2222590,15112,121,2696,2012-07-21,Igor Semshov,RU1,0,0,0,0,90
2222590_15569,2222590,15569,12438,1083,2012-07-21,Ilya Abaev,RU1,0,0,0,0,90
2222590_15907,2222590,15907,12438,12438,2012-07-21,Andrey Karyaka,RU1,0,0,0,0,56
2222590_181177,2222590,181177,121,11127,2012-07-21,Andrey Panyukov,RU1,0,0,0,0,12
2222590_2309,2222590,2309,121,121,2012-07-21,Zvjezdan Misimovic,RU1,0,0,0,0,90
2222590_24118,2222590,24118,12438,16704,2012-07-21,Ruslan Adzhindzhal,RU1,0,0,0,0,90
2222590_24654,2222590,24654,12438,3729,2012-07-21,Ilya Maksimov,RU1,0,1,0,0,51
2222590_26462,2222590,26462,121,121,2012-07-21,Leandro Fernández,RU1,0,0,0,0,78
2222590_31068,2222590,31068,121,2698,2012-07-21,Vladimir Granat,RU1,0,0,0,0,90
2222590_3321,2222590,3321,121,3725,2012-07-21,Luke Wilkshire,RU1,0,0,0,0,90
2222590_35004,2222590,35004,121,20,2012-07-21,Balázs Dzsudzsák,RU1,0,0,0,0,90
2222590_37549,2222590,37549,121,121,2012-07-21,Anton Shunin,RU1,0,0,0,0,90
2222590_45858,2222590,45858,121,41231,2012-07-21,Christian Noboa,RU1,0,0,0,0,88
2222590_48521,2222590,48521,12438,11127,2012-07-21,Aleksandr Belozerov,RU1,1,0,0,0,90
2222590_48534,2222590,48534,12438,12438,2012-07-21,Aleksandr Shulenin,RU1,0,0,1,0,34
2222590_52089,2222590,52089,12438,3719,2012-07-21,Gia Grigalava,RU1,0,0,0,0,90
2222590_57015,2222590,57015,12438,3714,2012-07-21,Aleksandr Kharitonov,RU1,0,0,0,0,90
2222590_65977,2222590,65977,12438,12438,2012-07-21,Aleksey Sapogov,RU1,0,0,0,1,78
2222590_69352,2222590,69352,12438,12438,2012-07-21,Mersudin Ahmetovic,RU1,0,0,0,0,12
2222590_73681,2222590,73681,12438,2698,2012-07-21,Shota Bibilov,RU1,0,0,0,0,74
2222590_89086,2222590,89086,121,430,2012-07-21,Aleksandr Kokorin,RU1,0,0,0,0,90
2222590_89589,2222590,89589,121,49702,2012-07-21,Aleksandr Sapeta,RU1,0,0,0,0,2
2222590_98122,2222590,98122,12438,12438,2012-07-21,Matija Dvornekovic,RU1,0,0,0,0,16
2222966_121026,2222966,121026,2227,18105,2012-07-21,Yuriy Putrash,UKR1,1,0,0,0,90
2222966_15067,2222966,15067,2227,2227,2012-07-21,Maksym Kalynychenko,UKR1,0,0,0,0,71
2222966_20137,2222966,20137,6414,36,2012-07-21,José Sosa,UKR1,1,0,1,0,90
2222966_211314,2222966,211314,6414,6414,2012-07-21,Denys Barvinko,UKR1,0,0,0,0,75
2222966_24008,2222966,24008,2227,2672,2012-07-21,Rubén Gomez,UKR1,0,0,0,0,90
2222966_24043,2222966,24043,2227,339,2012-07-21,Sergiy Nazarenko,UKR1,0,0,0,0,45
2222966_25618,2222966,25618,6414,16247,2012-07-21,Sergiy Pshenychnykh,UKR1,0,0,0,0,90
2222966_27378,2222966,27378,6414,6414,2012-07-21,Cleiton Xavier,UKR1,0,0,0,0,90
2222966_30694,2222966,30694,6414,6414,2012-07-21,Juan Manuel Torres,UKR1,0,0,0,0,6
2222966_30803,2222966,30803,6414,6414,2012-07-21,Cristian Villagra,UKR1,0,0,0,1,90
2222966_36109,2222966,36109,2227,3999,2012-07-21,Damir Kahriman,UKR1,0,0,0,0,90
2222966_39253,2222966,39253,2227,61825,2012-07-21,Anton Shynder,UKR1,0,0,0,0,90
2222966_39792,2222966,39792,2227,2227,2012-07-21,Marin Ljubicic,UKR1,0,0,0,0,90
2222966_42631,2222966,42631,6414,6414,2012-07-21,Oleksandr Goryainov,UKR1,0,0,0,0,90
2222966_42933,2222966,42933,2227,2227,2012-07-21,Anis Boussaidi,UKR1,1,0,0,0,90
2222966_43299,2222966,43299,6414,339,2012-07-21,Edmar Galovskyi,UKR1,0,0,0,0,90
2222966_45343,2222966,45343,2227,4482,2012-07-21,Oleg Gumenyuk,UKR1,0,0,0,0,2
2222966_53477,2222966,53477,6414,1025,2012-07-21,Jonathan Cristaldo,UKR1,0,0,0,0,84
2222966_53523,2222966,53523,6414,6414,2012-07-21,Marco Torsiglieri,UKR1,0,0,0,0,90
2222966_54576,2222966,54576,6414,984,2012-07-21,Sebastián Blanco,UKR1,0,0,0,0,90
2222966_55338,2222966,55338,6414,6414,2012-07-21,Willian,UKR1,0,0,0,0,41
2222966_57901,2222966,57901,6414,2740,2012-07-21,Vyacheslav Sharpar,UKR1,0,0,0,0,15
2222966_58008,2222966,58008,2227,9007,2012-07-21,Maksym Feshchuk,UKR1,0,0,0,0,45
2222966_68778,2222966,68778,6414,660,2012-07-21,Marlos,UKR1,0,0,0,0,49
2222966_73094,2222966,73094,2227,2227,2012-07-21,Eduardo Neto,UKR1,0,0,0,0,90
2222966_90255,2222966,90255,2227,5220,2012-07-21,Frantisek Kubik,UKR1,0,0,0,0,88
2222966_92575,2222966,92575,2227,2227,2012-07-21,Yuriy Gabovda,UKR1,0,0,0,0,19
2222966_9369,2222966,9369,2227,3690,2012-07-21,Dele Adeleye,UKR1,0,0,0,0,90
2222977_121218,2222977,121218,6996,6996,2012-07-21,Yevgen Yeliseev,UKR1,0,0,0,0,90
2222977_14940,2222977,14940,660,367,2012-07-21,Razvan Rat,UKR1,0,0,0,1,90
2222977_14942,2222977,14942,660,1390,2012-07-21,Darijo Srna,UKR1,0,0,0,1,90
2222977_1716,2222977,1716,6996,6996,2012-07-21,David Odonkor,UKR1,0,0,0,0,56
2222977_17206,2222977,17206,6996,6996,2012-07-21,Aleksandar Trisovic,UKR1,0,0,0,0,6
2222977_24061,2222977,24061,6996,6996,2012-07-21,Sergiy Valyaev,UKR1,0,0,0,0,34
2222977_24633,2222977,24633,660,660,2012-07-21,Eduardo,UKR1,1,0,0,0,45
2222977_26267,2222977,26267,660,281,2012-07-21,Fernandinho,UKR1,0,0,0,1,90
2222977_34771,2222977,34771,6996,6996,2012-07-21,Oleksandr Kosyrin,UKR1,1,0,0,0,90
2222977_35908,2222977,35908,6996,6996,2012-07-21,Mirko Raicevic,UKR1,1,0,1,0,90
2222977_39996,2222977,39996,660,660,2012-07-21,Andriy Pyatov,UKR1,0,0,0,0,90
2222977_44357,2222977,44357,660,2477,2012-07-21,Oleksandr Kucher,UKR1,0,0,0,0,90
2222977_48974,2222977,48974,660,589,2012-07-21,Luiz Adriano,UKR1,0,0,0,0,65
2222977_52937,2222977,52937,660,660,2012-07-21,Ilsinho,UKR1,0,0,1,0,58
2222977_55735,2222977,55735,660,46,2012-07-21,Henrikh Mkhitaryan,UKR1,0,0,1,0,90
2222977_57894,2222977,57894,6996,6996,2012-07-21,Vladyslav Mykulyak,UKR1,0,0,0,0,65
2222977_59908,2222977,59908,660,61825,2012-07-21,Yevgen Seleznyov,UKR1,0,0,1,0,25
2222977_59970,2222977,59970,660,48332,2012-07-21,Taras Stepanenko,UKR1,0,0,0,0,90
2222977_60129,2222977,60129,6996,6996,2012-07-21,Bojan Malisic,UKR1,0,0,0,0,90
2222977_66515,2222977,66515,660,3385,2012-07-21,Alex Teixeira,UKR1,0,0,0,0,45
2222977_71725,2222977,71725,6996,6996,2012-07-21,Oleksandr Nad,UKR1,0,0,0,0,90
2222977_75615,2222977,75615,660,506,2012-07-21,Douglas Costa,UKR1,0,0,0,0,32
2222977_85973,2222977,85973,6996,6996,2012-07-21,Andriy Grynchenko,UKR1,0,0,0,0,90
2222977_89222,2222977,89222,660,6992,2012-07-21,Yaroslav Rakitskyi,UKR1,0,0,0,0,90
2222977_91377,2222977,91377,6996,6996,2012-07-21,Dmytro Trukhin,UKR1,1,0,0,0,84
2222977_91450,2222977,91450,6996,4128,2012-07-21,Oleg Mishchenko,UKR1,0,0,0,0,25
2222977_93976,2222977,93976,6996,6996,2012-07-21,Stanislav Pechenkin,UKR1,0,0,0,0,90
2222977_95239,2222977,95239,6996,6996,2012-07-21,Pavlo Shchedrakov,UKR1,0,0,0,0,90
2222978_103950,2222978,103950,6993,11127,2012-07-21,Roman Emeljanov,UKR1,1,0,0,0,90
2222978_130041,2222978,130041,6993,18303,2012-07-21,Dmytro Grechyshkin,UKR1,0,0,0,0,1
2222978_135172,2222978,135172,2477,2477,2012-07-21,Igor Ozarkiv,UKR1,0,0,0,0,83
2222978_137939,2222978,137939,6993,16704,2012-07-21,Tornike Okriashvili,UKR1,0,0,0,1,90
2222978_24026,2222978,24026,6993,16247,2012-07-21,Kostyantyn Kravchenko,UKR1,0,0,2,0,45
2222978_26303,2222978,26303,2477,2477,2012-07-21,Martin Bogatinov,UKR1,0,0,0,0,90
2222978_32306,2222978,32306,2477,2477,2012-07-21,Jakub Tosik,UKR1,0,0,0,0,21
2222978_36934,2222978,36934,2477,2477,2012-07-21,Ivan Milosevic,UKR1,0,0,0,0,90
2222978_43288,2222978,43288,6993,2740,2012-07-21,Oleksandr Chyzhov,UKR1,0,0,0,0,90
2222978_53270,2222978,53270,2477,6992,2012-07-21,Oleksandr Gladkyi,UKR1,0,0,0,0,62
2222978_55115,2222978,55115,6993,18303,2012-07-21,David Targamadze,UKR1,0,0,0,2,45
2222978_57888,2222978,57888,2477,23611,2012-07-21,Pavlo Ksyonz,UKR1,0,0,1,0,69
2222978_58016,2222978,58016,2477,55686,2012-07-21,Oleg Golodyuk,UKR1,0,0,0,0,90
2222978_58035,2222978,58035,6993,26459,2012-07-21,Mykola Ishchenko,UKR1,0,0,0,0,90
2222978_58042,2222978,58042,2477,2477,2012-07-21,Igor Khudobyak,UKR1,1,0,0,0,90
2222978_58043,2222978,58043,6993,6993,2012-07-21,Rustam Khudzhamov,UKR1,0,0,0,0,90
2222978_58051,2222978,58051,2477,61825,2012-07-21,Mykhaylo Kopolovets,UKR1,1,0,0,0,28
2222978_58150,2222978,58150,2477,55686,2012-07-21,Andriy Tkachuk,UKR1,0,0,0,0,90
2222978_58403,2222978,58403,6993,61825,2012-07-21,Denys Kozhanov,UKR1,0,0,0,0,83
2222978_58425,2222978,58425,2477,16247,2012-07-21,Igor Oshchypko,UKR1,0,0,0,0,90
2222978_59434,2222978,59434,6993,6414,2012-07-21,Artem Putivtsev,UKR1,1,0,0,0,90
2222978_73185,2222978,73185,2477,383,2012-07-21,Lucas Pérez,UKR1,1,0,0,0,90
2222978_89556,2222978,89556,6993,3690,2012-07-21,Vitaliy Fedotov,UKR1,0,0,2,0,90
2222978_92635,2222978,92635,6993,6993,2012-07-21,Oleksandr Mandzyuk,UKR1,0,0,0,0,7
2222978_94922,2222978,94922,6993,18303,2012-07-21,Bogdan Butko,UKR1,0,0,1,0,90
2222978_94926,2222978,94926,2477,3691,2012-07-21,Oleksandr Kasyan,UKR1,0,0,0,0,7
2222978_94931,2222978,94931,6993,6993,2012-07-21,Vitaliy Vitsenets,UKR1,1,0,0,0,90
2222978_97335,2222978,97335,2477,157,2012-07-21,Igor Plastun,UKR1,0,0,0,0,90
2224562_102043,2224562,102043,865,49702,2012-07-21,Sly,DK1,1,0,0,0,45
2224562_102045,2224562,102045,865,173,2012-07-21,Izunna Uzochukwu,DK1,1,0,0,0,86
2224562_109012,2224562,109012,2778,2778,2012-07-21,Ivan Runje,DK1,0,0,0,0,90
2224562_129085,2224562,129085,2778,1053,2012-07-21,Jores Okore,DK1,0,0,0,0,90
2224562_140446,2224562,140446,865,5817,2012-07-21,Rilwan Hassan,DK1,0,0,1,1,90
2224562_148369,2224562,148369,865,865,2012-07-21,Mads Pedersen,DK1,0,0,0,0,4
2224562_148374,2224562,148374,865,865,2012-07-21,Marco Larsen,DK1,0,0,0,0,45
2224562_15765,2224562,15765,865,865,2012-07-21,Tim Janssen,DK1,0,0,1,0,67
2224562_18097,2224562,18097,865,865,2012-07-21,Benjamin Kibebe,DK1,0,0,0,0,90
2224562_18224,2224562,18224,865,865,2012-07-21,Kolja Afriyie,DK1,1,0,0,0,90
2224562_20313,2224562,20313,865,678,2012-07-21,Jesper Juelsgaard,DK1,0,0,0,0,90
2224562_22499,2224562,22499,865,865,2012-07-21,Kristian Bach Bak,DK1,0,0,0,0,90
2224562_22513,2224562,22513,2778,2778,2012-07-21,Nicolai Stokholm,DK1,0,0,1,0,90
2224562_22860,2224562,22860,2778,678,2012-07-21,Jesper Hansen,DK1,0,0,0,0,90
2224562_22896,2224562,22896,2778,2778,2012-07-21,Kasper Lorentzen,DK1,0,0,0,0,30
2224562_22995,2224562,22995,865,5818,2012-07-21,Danny Olsen,DK1,0,0,0,1,90
2224562_23410,2224562,23410,2778,2778,2012-07-21,Sören Christensen,DK1,1,0,0,0,90
2224562_34357,2224562,34357,2778,2778,2012-07-21,Rawez Lawan,DK1,0,0,0,0,60
2224562_35959,2224562,35959,2778,2778,2012-07-21,Henrik Kildentoft,DK1,0,0,0,0,90
2224562_44567,2224562,44567,2778,2778,2012-07-21,Tobias Mikkelsen,DK1,0,0,0,0,90
2224562_44825,2224562,44825,2778,2778,2012-07-21,Andreas Laudrup,DK1,0,0,0,0,60
2224562_48805,2224562,48805,865,5724,2012-07-21,Mads Albaek,DK1,0,0,1,0,90
2224562_48870,2224562,48870,865,865,2012-07-21,Jonas Lössl,DK1,0,0,0,0,90
2224562_66638,2224562,66638,2778,498,2012-07-21,Mario Ticinovic,DK1,0,0,0,0,84
2224562_68826,2224562,68826,865,2414,2012-07-21,Jude Nworuh,DK1,0,0,0,0,23
2224562_76274,2224562,76274,2778,607,2012-07-21,Christian Gytkjaer,DK1,0,0,0,1,30
2224562_88239,2224562,88239,2778,19771,2012-07-21,Enoch Kofi Adu,DK1,0,0,0,0,90
2224562_89205,2224562,89205,2778,2778,2012-07-21,Mark Gundelach,DK1,0,0,0,0,6
2219794_110668,2219794,110668,498,3060,2012-07-22,Laurens De Bock,BESC,0,0,0,0,90
2219794_12518,2219794,12518,58,398,2012-07-22,Silvio Proto,BESC,0,0,0,0,90
2219794_129580,2219794,129580,498,520,2012-07-22,Alexander Corryn,BESC,0,0,0,0,12
2219794_129588,2219794,129588,58,1096,2012-07-22,Dennis Praet,BESC,0,0,1,0,61
2219794_12974,2219794,12974,498,498,2012-07-22,Killian Overmeire,BESC,0,0,0,0,90
2219794_13292,2219794,13292,498,968,2012-07-22,Benjamin De Ceulaer,BESC,0,0,0,1,45
2219794_14933,2219794,14933,58,58,2012-07-22,Milan Jovanovic,BESC,0,0,0,0,87
2219794_16947,2219794,16947,58,1003,2012-07-22,Marcin Wasilewski,BESC,0,0,0,0,90
2219794_187744,2219794,187744,498,498,2012-07-22,Ayanda Patosi,BESC,0,0,0,1,78
2219794_18807,2219794,18807,58,58,2012-07-22,Behrang Safari,BESC,0,0,0,0,90
2219794_21371,2219794,21371,498,498,2012-07-22,Jugoslav Lazic,BESC,0,0,0,0,90
2219794_26721,2219794,26721,58,6890,2012-07-22,Lucas Biglia,BESC,0,0,0,0,90
2219794_29894,2219794,29894,498,29228,2012-07-22,Georgios Galitsios,BESC,0,0,0,0,90
2219794_31776,2219794,31776,58,338,2012-07-22,Oleksandr Yakovenko,BESC,0,0,0,0,2
2219794_31952,2219794,31952,58,172,2012-07-22,Guillaume Gillet,BESC,0,0,1,0,90
2219794_39475,2219794,39475,58,58,2012-07-22,Sacha Kljestan,BESC,0,0,0,0,3
2219794_41128,2219794,41128,498,498,2012-07-22,Koen Persoons,BESC,0,0,0,0,90
2219794_43012,2219794,43012,498,5818,2012-07-22,Djiby Fall,BESC,0,0,0,0,10
2219794_44624,2219794,44624,58,1096,2012-07-22,Dieumerci Mbokani,BESC,1,0,1,0,90
2219794_49841,2219794,49841,498,29228,2012-07-22,Hamdi Harbaoui,BESC,0,0,0,0,90
2219794_52746,2219794,52746,498,1096,2012-07-22,Nill De Pauw,BESC,0,0,0,0,45
2219794_56821,2219794,56821,498,520,2012-07-22,Jérémy Taravel,BESC,0,0,0,0,90
2219794_59641,2219794,59641,58,132,2012-07-22,Denis Odoi,BESC,0,0,0,1,90
2219794_6666,2219794,6666,498,498,2012-07-22,Mijat Maric,BESC,0,0,0,0,90
2219794_73912,2219794,73912,58,601,2012-07-22,Kanu,BESC,0,0,0,1,88
2219794_7784,2219794,7784,498,498,2012-07-22,Ivan Leko,BESC,0,0,2,0,80
2219794_92904,2219794,92904,58,6,2012-07-22,Reynaldo,BESC,0,0,0,0,29
2219794_9593,2219794,9593,58,3508,2012-07-22,Olivier Deschacht,BESC,1,0,0,0,90
2222588_13121,2222588,13121,964,441,2012-07-22,Bruno Alves,RU1,1,0,0,0,90
2222588_15075,2222588,15075,4128,1083,2012-07-22,Aleksey Rebko,RU1,0,0,0,0,23
2222588_15117,2222588,15117,964,964,2012-07-22,Konstantin Zyryanov,RU1,0,0,0,0,20
2222588_15368,2222588,15368,964,964,2012-07-22,Vyacheslav Malafeev,RU1,0,0,0,0,90
2222588_15373,2222588,15373,964,964,2012-07-22,Sergey Semak,RU1,0,0,0,1,90
2222588_15381,2222588,15381,964,964,2012-07-22,Aleksandr Kerzhakov,RU1,0,0,2,0,90
2222588_15647,2222588,15647,964,40426,2012-07-22,Vladimir Bystrov,RU1,0,0,0,0,70
2222588_15650,2222588,15650,964,932,2012-07-22,Igor Denisov,RU1,0,0,0,0,90
2222588_15673,2222588,15673,4128,4128,2012-07-22,Vitaliy Grishin,RU1,0,0,0,0,58
2222588_193812,2222588,193812,4128,6993,2012-07-22,Sergiy Garashchenkov,RU1,0,0,0,0,22
2222588_194947,2222588,194947,964,11127,2012-07-22,Aleksey Evseev,RU1,0,0,0,0,1
2222588_19712,2222588,19712,964,964,2012-07-22,Aleksandar Lukovic,RU1,0,0,0,0,1
2222588_20587,2222588,20587,964,2861,2012-07-22,Nicolas Lombaerts,RU1,0,0,0,0,90
2222588_24237,2222588,24237,4128,4128,2012-07-22,Martin Jakubko,RU1,1,0,0,0,90
2222588_24429,2222588,24429,4128,4128,2012-07-22,Nikola Mijailovic,RU1,0,0,0,0,90
2222588_24994,2222588,24994,4128,3729,2012-07-22,Roman Gerus,RU1,0,0,0,0,90
2222588_25889,2222588,25889,4128,4128,2012-07-22,Ivan Cherenchikov,RU1,0,0,0,0,90
2222588_25918,2222588,25918,4128,4128,2012-07-22,Zahari Sirakov,RU1,0,0,0,0,90
2222588_40254,2222588,40254,964,964,2012-07-22,Viktor Faizulin,RU1,0,0,0,0,90
2222588_42812,2222588,42812,4128,123,2012-07-22,Konstantin Vassiljev,RU1,0,0,0,0,67
2222588_44136,2222588,44136,964,252,2012-07-22,Domenico Criscito,RU1,0,0,0,0,90
2222588_46687,2222588,46687,4128,3999,2012-07-22,Marko Blazic,RU1,0,0,0,0,32
2222588_48550,2222588,48550,964,232,2012-07-22,Roman Shirokov,RU1,0,0,0,1,90
2222588_48586,2222588,48586,4128,2700,2012-07-22,Dmitriy Belorukov,RU1,1,0,0,0,90
2222588_49676,2222588,49676,4128,41231,2012-07-22,Nikita Burmistrov,RU1,0,0,0,0,90
2222588_63252,2222588,63252,964,244,2012-07-22,Tomas Hubocan,RU1,0,0,0,0,90
2222588_65966,2222588,65966,4128,932,2012-07-22,Aleksandr Kolomeytsev,RU1,0,0,0,0,90
2222588_9786,2222588,9786,4128,4128,2012-07-22,Georgi Peev,RU1,0,0,0,0,68
2222589_110326,2222589,110326,2700,2700,2012-07-22,Jucilei,RU1,0,0,0,0,90
2222589_118074,2222589,118074,2439,206,2012-07-22,Marcos Ureña,RU1,0,0,0,0,3
2222589_15018,2222589,15018,2700,498,2012-07-22,João Carlos,RU1,0,0,0,0,90
2222589_15597,2222589,15597,2439,2439,2012-07-22,Artur Tlisov,RU1,0,0,0,0,90
2222589_15743,2222589,15743,2439,41201,2012-07-22,Vladislav Kulik,RU1,0,0,0,0,71
2222589_15796,2222589,15796,2439,968,2012-07-22,Igor Lolo,RU1,1,0,0,1,90
