player_id,date,market_value_in_eur,current_club_name,current_club_id,player_club_domestic_competition_id
405973,2000-01-20,150000,Unknown,3057,BE1
342216,2001-07-20,100000,Unknown,1241,SC1
3132,2003-12-09,400000,Dynamo Kyiv,126,TR1
6893,2003-12-15,900000,Galatasaray,984,GB1
10,2004-10-04,7000000,SV Werder Bremen,398,IT1
26,2004-10-04,1500000,Borussia Dortmund,16,L1
65,2004-10-04,8000000,Bayer 04 Leverkusen,1091,GR1
77,2004-10-04,13000000,Bayern Munich,506,IT1
80,2004-10-04,400000,Bayer 04 Leverkusen,27,L1
109,2004-10-04,9500000,Borussia Dortmund,825,TR1
123,2004-10-04,9500000,Borussia Dortmund,33,L1
132,2004-10-04,13000000,Borussia Dortmund,11,GB1
162,2004-10-04,1250000,Austria Vienna,79,L1
215,2004-10-04,7500000,Bayern Munich,1084,ES1
264,2004-10-04,250000,Sint-Truidense VV,79,L1
276,2004-10-04,250000,Herfölge Boldklub,20100,DK1
277,2004-10-04,1250000,Alemannia Aachen,3368,ES1
299,2004-10-04,9000000,SV Werder Bremen,10484,TR1
325,2004-10-04,8000000,ACF Fiorentina,141,TR1
332,2004-10-04,250000,Eintracht Frankfurt,24,L1
410,2004-10-04,5000000,Borussia Dortmund,16,L1
411,2004-10-04,2000000,FC Schalke 04,44,L1
447,2004-10-04,700000,Eintracht Frankfurt,24,L1
488,2004-10-04,1000000,Hertha BSC,2288,GB1
532,2004-10-04,9500000,Bayern Munich,86,L1
557,2004-10-04,3000000,VfL Wolfsburg,167,L1
568,2004-10-04,2000000,VfB Stuttgart,18,L1
597,2004-10-04,7500000,VfB Stuttgart,2696,RU1
598,2004-10-04,7500000,VfB Stuttgart,24,L1
643,2004-10-04,500000,VfL Bochum,86,L1
670,2004-10-04,4000000,VfL Wolfsburg,714,ES1
690,2004-10-04,6000000,SV Werder Bremen,39,L1
691,2004-10-04,300000,Alemannia Aachen,15,L1
735,2004-10-04,1250000,Genoa CFC,1210,IT1
755,2004-10-04,1750000,Fenerbahce,589,TR1
773,2004-10-04,3500000,Hamburger SV,14171,FR1
823,2004-10-04,3500000,Bayer 04 Leverkusen,4,L1
831,2004-10-04,350000,1.FC Kaiserslautern,1506,TR1
837,2004-10-04,2500000,Hertha BSC,18,L1
886,2004-10-04,250000,LR Ahlen,38,L1
892,2004-10-04,500000,Odd Grenland,39,L1
933,2004-10-04,500000,Manisaspor,2293,TR1
992,2004-10-04,450000,SpVgg Greuther Fürth,38,L1
1073,2004-10-04,1200000,1.FSV Mainz 05,16,L1
1075,2004-10-04,3000000,Bayer 04 Leverkusen,121,RU1
1083,2004-10-04,1500000,Hannover 96,128,GR1
1094,2004-10-04,1800000,Grazer AK,4,L1
1095,2004-10-04,2000000,Borussia Mönchengladbach,44,L1
1116,2004-10-04,700000,SpVgg Greuther Fürth,65,L1
1122,2004-10-04,350000,SpVgg Greuther Fürth,41,L1
1126,2004-10-04,500000,TSV 1860 Munich,3,L1
1139,2004-10-04,500000,1.FSV Mainz 05,39,L1
1144,2004-10-04,250000,FC Schalke 04,18,L1
1150,2004-10-04,1000000,1.FC Nuremberg,4,L1
1161,2004-10-04,11000000,FC Internazionale,46,IT1
1197,2004-10-04,250000,Helsingborgs IF,678,DK1
1257,2004-10-04,350000,LR Ahlen,127,L1
1277,2004-10-04,750000,Bayer 04 Leverkusen,86,L1
1321,2004-10-04,1500000,Bayer 04 Leverkusen,114,TR1
1323,2004-10-04,150000,Eintracht Braunschweig,24,L1
1327,2004-10-04,4000000,RC Lens,1159,FR1
1331,2004-10-04,8000000,VfB Stuttgart,533,L1
1335,2004-10-04,1000000,Hannover 96,42,L1
1363,2004-10-04,100000,1.FSV Mainz 05,33,L1
1368,2004-10-04,500000,Borussia Dortmund,1519,SC1
1381,2004-10-04,1800000,VfL Wolfsburg,44,L1
1397,2004-10-04,30000000,Real Madrid,512,GB1
1423,2004-10-04,1000000,FC Copenhagen,855,FR1
1426,2004-10-04,1500000,VfB Stuttgart,79,L1
1428,2004-10-04,900000,FC Schalke 04,60,L1
1443,2004-10-04,5000000,FC Schalke 04,190,DK1
1474,2004-10-04,3500000,1.FC Kaiserslautern,533,L1
1496,2004-10-04,120000,VfB Stuttgart II,24,L1
1532,2004-10-04,8000000,Ajax Amsterdam,28643,BE1
1560,2004-10-04,225000,ADO Den Haag,306,NL1
1565,2004-10-04,850000,Eintracht Frankfurt,24,L1
1568,2004-10-04,400000,SV Wacker Burghausen,38,L1
1572,2004-10-04,1000000,1.FC Nuremberg,162,FR1
1573,2004-10-04,4500000,Aston Villa,29,GB1
1586,2004-10-04,800000,SV Werder Bremen,42,L1
1587,2004-10-04,1000000,Karlsruher SC,42,L1
1606,2004-10-04,150000,Bröndby IF U19,2414,DK1
1613,2004-10-04,200000,UD Las Palmas,855,FR1
1659,2004-10-04,500000,SC Freiburg,23,L1
1662,2004-10-04,1000000,SC Freiburg,33,L1
1667,2004-10-04,200000,VfB Stuttgart,162,FR1
1684,2004-10-04,200000,SV Eintracht Trier 05,65,L1
1716,2004-10-04,1500000,Borussia Dortmund,6996,UKR1
1725,2004-10-04,500000,Viborg FF,173,DK1
1726,2004-10-04,400000,SpVgg Greuther Fürth,610,NL1
1743,2004-10-04,50000,VfL Wolfsburg,105,L1
1772,2004-10-04,500000,Eintracht Frankfurt,38,L1
1784,2004-10-04,200000,Bayer 04 Leverkusen,39,L1
1791,2004-10-04,1000000,1.FC Kaiserslautern,167,L1
1792,2004-10-04,2500000,FC Schalke 04,105,L1
1841,2004-10-04,250000,Rot-Weiss Essen,10484,TR1
1896,2004-10-04,50000,FC Schalke 04 II,19771,TR1
1944,2004-10-04,250000,VfB Lübeck,23,L1
1986,2004-10-04,1500000,1.FC Köln,167,L1
2048,2004-10-04,50000,Rot-Weiss Essen,403,NL1
2050,2004-10-04,2000000,SV Werder Bremen,24,L1
2138,2004-10-04,50000,OFK Beograd,40426,RU1
2148,2004-10-04,200000,FC Bayern Munich II,2944,TR1
2150,2004-10-04,300000,Borussia Mönchengladbach,16,L1
2201,2004-10-04,50000,SC Paderborn 07,127,L1
2219,2004-10-04,4500000,VfB Stuttgart,27,L1
2233,2004-10-04,500000,1.FC Köln,3368,ES1
2306,2004-10-04,50000,Karlsruher SC,42,L1
2309,2004-10-04,500000,VfL Bochum,121,RU1
2334,2004-10-04,75000,Fortuna Düsseldorf,44,L1
2358,2004-10-04,200000,Eintracht Frankfurt,82,L1
2374,2004-10-04,700000,Arminia Bielefeld,16,L1
2386,2004-10-04,50000,SV Sandhausen,23,L1
2421,2004-10-04,500000,Bayern Munich,38,L1
2453,2004-10-04,150000,Borussia Dortmund II,127,L1
2514,2004-10-04,3250000,Bayern Munich,985,GB1
2583,2004-10-04,300000,Eintracht Braunschweig,2760,SC1
2587,2004-10-04,500000,Samsunspor,524,TR1
2623,2004-10-04,800000,Bayern Munich,167,L1
2703,2004-10-04,1000000,Borussia Mönchengladbach,173,DK1
2712,2004-10-04,1000000,Hertha BSC,38,L1
2726,2004-10-04,75000,ESTAC Troyes,2990,PO1
2767,2004-10-04,850000,Hertha BSC,24,L1
2805,2004-10-04,500000,FC Schalke 04,42,L1
2857,2004-10-04,100000,Grasshopper Club Zurich,29,GB1
2865,2004-10-04,1250000,Grasshopper Club Zurich,167,L1
2874,2004-10-04,2750000,FC Basel 1893,265,GR1
2878,2004-10-04,200000,FC Luzern,750,FR1
2899,2004-10-04,2000000,FC Metz,2292,TR1
2904,2004-10-04,13000000,FC Barcelona,276,IT1
2923,2004-10-04,3000000,Rapid Vienna,3368,ES1
2926,2004-10-04,500000,Rapid Vienna,105,L1
2950,2004-10-04,150000,DSV Leoben,42,L1
2953,2004-10-04,1000000,SK Brann,41,L1
2956,2004-10-04,2000000,OGC Nice,68608,PO1
2963,2004-10-04,5000000,Bayern Munich,714,ES1
2998,2004-10-04,2250000,Chelsea FC,1003,GB1
2999,2004-10-04,750000,Alemannia Aachen,2578,SC1
3059,2004-10-04,750000,SK Sturm Graz,524,TR1
3098,2004-10-04,7250000,Aston Villa,190,DK1
3109,2004-10-04,17000000,Liverpool FC,31,GB1
3114,2004-10-04,550000,Borussia Mönchengladbach,42,L1
3115,2004-10-04,2500000,Manchester United,40,FR1
3118,2004-10-04,16000000,Newcastle United,1039,GB1
3120,2004-10-04,5750000,Everton FC,281,GB1
3130,2004-10-04,5500000,Newcastle United,289,GB1
3131,2004-10-04,7500000,Southampton FC,873,GB1
3132,2004-10-04,2000000,Dynamo Kyiv,126,TR1
3139,2004-10-04,40000000,Real Madrid,583,FR1
3146,2004-10-04,6000000,Newcastle United,512,GB1
3151,2004-10-04,4000000,Chelsea FC,148,GB1
3156,2004-10-04,7000000,Chelsea FC,148,GB1
3159,2004-10-04,250000,UC AlbinoLeffe,130,IT1
3160,2004-10-04,10000000,Chelsea FC,631,GB1
3163,2004-10-04,19500000,Chelsea FC,281,GB1
3165,2004-10-04,3000000,Olympique Lyon,141,TR1
3170,2004-10-04,1000000,Twente Enschede FC,1304,NL1
3172,2004-10-04,3000000,Deportivo Alavés,940,ES1
3176,2004-10-04,8500000,Chelsea FC,2282,BE1
3179,2004-10-04,4500000,Aston Villa,371,SC1
3182,2004-10-04,8000000,Arsenal FC,12,IT1
3190,2004-10-04,1000000,Arsenal FC,180,GB1
3195,2004-10-04,3500000,Arsenal FC,512,GB1
3201,2004-10-04,2000000,LOSC Lille,265,GR1
3205,2004-10-04,1000000,Norwich City,1083,RU1
3216,2004-10-04,16000000,Liverpool FC,589,TR1
3220,2004-10-04,15000000,Liverpool FC,931,GB1
3226,2004-10-04,15000000,Manchester City,984,GB1
3233,2004-10-04,1000000,Eintracht Frankfurt,533,L1
3235,2004-10-04,25000000,Manchester United,1039,GB1
3251,2004-10-04,5000000,Rangers FC,370,SC1
3256,2004-10-04,150000,SpVgg Greuther Fürth,15,L1
3259,2004-10-04,15000000,Chelsea FC,931,GB1
3266,2004-10-04,1000000,Arsenal FC,1158,FR1
3269,2004-10-04,500000,Tranmere Rovers,370,SC1
3270,2004-10-04,9000000,Everton FC,1123,GB1
3271,2004-10-04,5000000,Charlton Athletic,1039,GB1
3273,2004-10-04,4000000,Birmingham City,1003,GB1
3276,2004-10-04,6000000,Newcastle United,873,GB1
3287,2004-10-04,200000,Gillingham FC,2578,SC1
3291,2004-10-04,3500000,Aston Villa,984,GB1
3292,2004-10-04,750000,Manchester City,1132,GB1
3296,2004-10-04,9500000,Charlton Athletic,1003,GB1
3297,2004-10-04,12000000,Newcastle United,603,GB1
3306,2004-10-04,100000,Hull City,1132,GB1
3310,2004-10-04,700000,Manchester City,370,SC1
3321,2004-10-04,500000,Bristol City,3725,RU1
3322,2004-10-04,150000,Crewe Alexandra,903,SC1
3333,2004-10-04,7500000,Newcastle United,762,GB1
3354,2004-10-04,3000000,Club Brugge KV,2282,BE1
3356,2004-10-04,6500000,Manchester City,989,GB1
3357,2004-10-04,5000000,Middlesbrough FC,1003,GB1
3366,2004-10-04,26000000,AC Milan,5,IT1
3391,2004-10-04,500000,Manchester United Reserves,10484,TR1
3395,2004-10-04,2800000,Feyenoord Rotterdam,132,NL1
3397,2004-10-04,25000000,Manchester United,985,GB1
3404,2004-10-04,5500000,Manchester United,29,GB1
3405,2004-10-04,5000000,Manchester United,289,GB1
3406,2004-10-04,25000000,Manchester United,985,GB1
3411,2004-10-04,25000000,Valencia CF,294,PO1
3413,2004-10-04,8000000,Sporting CP,2292,TR1
3417,2004-10-04,5000000,FC Internazionale,416,IT1
3428,2004-10-04,22000000,FC Internazionale,46,IT1
3441,2004-10-04,5000000,Club Brugge KV,2282,BE1
3447,2004-10-04,500000,SK Brann,2778,DK1
3455,2004-10-04,22000000,Juventus FC,5,IT1
3458,2004-10-04,6000000,Portsmouth FC,19771,TR1
3461,2004-10-04,8000000,Newcastle United,1039,GB1
3466,2004-10-04,1500000,Manchester City,1053,DK1
3467,2004-10-04,2250000,Manchester City,1039,GB1
3473,2004-10-04,6000000,Aston Villa,512,GB1
3476,2004-10-04,2000000,Blackburn Rovers,148,GB1
3480,2004-10-04,7000000,Sporting CP,1075,PO1
3495,2004-10-04,2000000,Racing Santander,237,ES1
3507,2004-10-04,3000000,AC Milan,5,IT1
3515,2004-10-04,8500000,PSV Eindhoven,383,NL1
3525,2004-10-04,5000000,Paris Saint-Germain,273,FR1
3530,2004-10-04,3000000,FC Slovan Liberec,82,L1
3531,2004-10-04,2250000,1.FC Nuremberg,6890,TR1
3534,2004-10-04,2500000,Manchester United,683,GR1
3535,2004-10-04,2000000,Manchester United,331,ES1
3539,2004-10-04,1500000,Coventry City,265,GR1
3540,2004-10-04,4500000,Manchester United,289,GB1
3547,2004-10-04,2500000,Manchester United,512,GB1
3548,2004-10-04,500000,Manchester United,405,GB1
3560,2004-10-04,250000,Charlton Athletic,873,GB1
3562,2004-10-04,3000000,Newcastle United,289,GB1
3564,2004-10-04,100000,Workington AFC,370,SC1
3569,2004-10-04,7500000,Fulham FC,1162,FR1
3573,2004-10-04,3500000,Ajax Amsterdam,114,TR1
3575,2004-10-04,8500000,FC Nantes,595,FR1
3580,2004-10-04,3500000,Newcastle United,43,SC1
3583,2004-10-04,2000000,Stoke City,511,SC1
3589,2004-10-04,2000000,Everton FC,370,SC1
3597,2004-10-04,6000000,Liverpool FC,31,GB1
3613,2004-10-04,100000,Swindon Town,903,SC1
3614,2004-10-04,350000,Everton FC,29,GB1
3620,2004-10-04,500000,Everton FC,29,GB1
3630,2004-10-04,7500000,Tottenham Hotspur,1132,GB1
3634,2004-10-04,3500000,Levante UD,1032,GB1
3640,2004-10-04,200000,Crystal Palace,603,GB1
3666,2004-10-04,3500000,Wigan Athletic,1032,GB1
3668,2004-10-04,100000,West Bromwich Albion,1010,GB1
3682,2004-10-04,7000000,Chelsea FC,281,GB1
3692,2004-10-04,1500000,Bolton Wanderers,379,GB1
3698,2004-10-04,350000,West Ham United,465,SC1
3707,2004-10-04,8500000,Paris Saint-Germain,3911,FR1
3713,2004-10-04,6500000,Parma FC,749,IT1
3719,2004-10-04,1500000,Blackburn Rovers,43,SC1
3730,2004-10-04,4000000,Stade Rennais FC,232,RU1
3753,2004-10-04,250000,PAOK Thessaloniki,6418,GR1
3755,2004-10-04,1500000,CA Independiente II,289,GB1
3762,2004-10-04,500000,Aston Villa,603,GB1
3771,2004-10-04,1500000,Real Madrid,2079,GR1
3775,2004-10-04,350000,Sunderland AFC,379,GB1
3783,2004-10-04,100000,Swindon Town,465,SC1
3785,2004-10-04,18000000,Chelsea FC,931,GB1
3788,2004-10-04,1000000,West Ham United,512,GB1
3791,2004-10-04,1500000,Hibernian FC,1071,GB1
3804,2004-10-04,250000,Middlesbrough FC,1123,GB1
3807,2004-10-04,3500000,Manchester City,1039,GB1
3816,2004-10-04,225000,Hertha BSC,42,L1
3817,2004-10-04,400000,Hertha BSC,39,L1
3824,2004-10-04,500000,Kilmarnock FC,2553,SC1
3825,2004-10-04,250000,Blackburn Rovers,2759,SC1
3838,2004-10-04,150000,Hull City,984,GB1
3851,2004-10-04,300000,Bayer 04 Leverkusen,167,L1
3869,2004-10-04,500000,Middlesbrough FC,511,SC1
3875,2004-10-04,7500000,Tottenham Hotspur,124,SC1
3876,2004-10-04,9000000,Chelsea FC,405,GB1
3878,2004-10-04,6000000,Tottenham Hotspur,985,GB1
3881,2004-10-04,8500000,Chelsea FC,512,GB1
3890,2004-10-04,2000000,Grasshopper Club Zurich,1147,FR1
3900,2004-10-04,3250000,Celtic FC,6418,GR1
3901,2004-10-04,7500000,Olympique Lyon,750,FR1
3913,2004-10-04,2000000,FC Sochaux-Montbéliard,750,FR1
3914,2004-10-04,3500000,AS Saint-Étienne,2292,TR1
3916,2004-10-04,11250000,Olympique Marseille,583,FR1
3924,2004-10-04,30000000,Chelsea FC,631,GB1
3926,2004-10-04,2500000,OGC Nice,7185,GR1
3942,2004-10-04,75000,TSG 1899 Hoffenheim,24,L1
3947,2004-10-04,1500000,Bolton Wanderers,1177,DK1
3950,2004-10-04,3000000,Bolton Wanderers,379,GB1
3966,2004-10-04,20000000,Liverpool FC,595,FR1
3975,2004-10-04,50000,1.FC Kaiserslautern II,1506,TR1
3978,2004-10-04,5000000,Portsmouth FC,6996,UKR1
3979,2004-10-04,16000000,Real Madrid B,720,PO1
3989,2004-10-04,10000000,Lokomotiv Moscow,12438,RU1
3995,2004-10-04,200000,Cardiff City,1123,GB1
4015,2004-10-04,18000000,Manchester United,398,IT1
4018,2004-10-04,250000,TSV 1860 Munich,167,L1
4042,2004-10-04,100000,Middlesbrough FC,234,NL1
4055,2004-10-04,50000,Tottenham Hotspur,1132,GB1
4056,2004-10-04,4000000,Tottenham Hotspur,931,GB1
4058,2004-10-04,50000,Tottenham Hotspur,180,GB1
4063,2004-10-04,100000,Middlesbrough FC,641,GB1
4070,2004-10-04,1000000,Aston Villa,984,GB1
4072,2004-10-04,3250000,Southampton FC,1132,GB1
4075,2004-10-04,100000,Aston Villa,2292,TR1
4086,2004-10-04,1750000,Newcastle United,441,GR1
4094,2004-10-04,100000,Leeds United,180,GB1
4095,2004-10-04,100000,Leeds United,2999,SC1
4111,2004-10-04,200000,Swansea City,2288,GB1
4112,2004-10-04,5500000,Southampton FC,512,GB1
4115,2004-10-04,250000,Southampton FC,984,GB1
4133,2004-10-04,100000,Sunderland AFC,1519,SC1
4158,2004-10-04,2500000,NAC Breda,132,NL1
4188,2004-10-04,7500000,FC Porto,2420,PO1
4190,2004-10-04,50000,Swansea City,603,GB1
4192,2004-10-04,12000000,Ajax Amsterdam,3426,DK1
4205,2004-10-04,3500000,West Ham United,1039,GB1
4208,2004-10-04,500000,1.FC Nuremberg,167,L1
4216,2004-10-04,500000,Liverpool FC,1519,SC1
4217,2004-10-04,750000,AS Saint-Étienne,3060,GR1
4219,2004-10-04,400000,Manchester United Reserves,1123,GB1
4233,2004-10-04,100000,Unknown,989,GB1
4241,2004-10-04,1000000,Wolverhampton Wanderers,2441,GR1
4248,2004-10-04,10000000,FC Porto,36,TR1
4251,2004-10-04,1250000,Preston North End,2578,SC1
4257,2004-10-04,24000000,FC Barcelona,2293,TR1
4267,2004-10-04,3750000,Manchester United,29,GB1
4276,2004-10-04,15000000,CA Boca Juniors,506,IT1
4277,2004-10-04,1750000,Arsenal FC,124,SC1
4310,2004-10-04,2000000,Ajax Amsterdam,12,IT1
4311,2004-10-04,2500000,Ajax Amsterdam,610,NL1
4315,2004-10-04,1500000,Ajax Amsterdam,610,NL1
4316,2004-10-04,3500000,SV Werder Bremen,678,DK1
4317,2004-10-04,8000000,Ajax Amsterdam,583,FR1
4321,2004-10-04,5000000,Ajax Amsterdam,289,GB1
4323,2004-10-04,1500000,Southampton FC,1096,BE1
4327,2004-10-04,1500000,Ajax Amsterdam,235,NL1
4334,2004-10-04,700000,FC Zwolle,132,NL1
4337,2004-10-04,1750000,PSV Eindhoven,1053,DK1
4338,2004-10-04,2500000,PSV Eindhoven,383,NL1
4344,2004-10-04,700000,PSV Eindhoven,235,NL1
4349,2004-10-04,1000000,PSV Eindhoven,235,NL1
4351,2004-10-04,2000000,PSV Eindhoven,5724,DK1
4357,2004-10-04,3000000,SC Heerenveen,610,NL1
4359,2004-10-04,1500000,AZ Alkmaar,192,NL1
4360,2004-10-04,18000000,Chelsea FC,202,NL1
4361,2004-10-04,3500000,Charlton Athletic,235,NL1
4371,2004-10-04,1000000,Feyenoord Rotterdam,142,ES1
4377,2004-10-04,5500000,Feyenoord Rotterdam,3508,BE1
4380,2004-10-04,5000000,Arsenal FC,234,NL1
4383,2004-10-04,3500000,Bröndby IF,206,DK1
4384,2004-10-04,250000,Beringen Heusden-Zolder SK,2727,BE1
4391,2004-10-04,1300000,SC Heerenveen,306,NL1
4403,2004-10-04,2000000,SV Werder Bremen,5817,DK1
4408,2004-10-04,450000,Excelsior Rotterdam,1268,NL1
4410,2004-10-04,1500000,SC Heerenveen,1426,NL1
4415,2004-10-04,1750000,FC Utrecht,403,NL1
4424,2004-10-04,1500000,Vitesse Arnhem,403,NL1
4425,2004-10-04,1500000,Vitesse Arnhem,499,NL1
4429,2004-10-04,2000000,Vitesse Arnhem,1304,NL1
4451,2004-10-04,2200000,KRC Genk,317,NL1
4452,2004-10-04,75000,FC Den Bosch,132,NL1
4456,2004-10-04,900000,NAC Breda,1269,NL1
4471,2004-10-04,200000,AGOVV Apeldoorn,133,NL1
4487,2004-10-04,500000,RKC Waalwijk,467,NL1
4489,2004-10-04,1750000,Hamburger SV,234,NL1
4513,2004-10-04,2500000,NEC Nijmegen,467,NL1
4517,2004-10-04,650000,NEC Nijmegen,467,NL1
4519,2004-10-04,800000,NEC Nijmegen,192,NL1
4520,2004-10-04,350000,NEC Nijmegen,317,NL1
4531,2004-10-04,600000,NEC Nijmegen,192,NL1
4533,2004-10-04,400000,Willem II Tilburg,798,NL1
4538,2004-10-04,100000,AZ Alkmaar,132,NL1
4563,2004-10-04,750000,AZ Alkmaar,234,NL1
4570,2004-10-04,5000000,AZ Alkmaar,317,NL1
4573,2004-10-04,300000,VVV-Venlo,1426,NL1
4582,2004-10-04,500000,Twente Enschede FC,317,NL1
4592,2004-10-04,4000000,PSV Eindhoven,383,NL1
4605,2004-10-04,600000,Roda JC Kerkrade,2282,BE1
4607,2004-10-04,450000,Roda JC Kerkrade,192,NL1
4624,2004-10-04,100000,SC Heerenveen,317,NL1
4634,2004-10-04,200000,FC Groningen,499,NL1
4638,2004-10-04,750000,FC Utrecht,1269,NL1
4669,2004-10-04,200000,Cambuur-Leeuwarden bvo,403,NL1
4672,2004-10-04,3000000,Ajax Amsterdam,39,L1
4673,2004-10-04,10000000,Ajax Amsterdam,417,FR1
4676,2004-10-04,1500000,ADO Den Haag,200,NL1
4687,2004-10-04,150000,SV Werder Bremen,41,L1
4691,2004-10-04,450000,Twente Enschede FC,105,L1
4693,2004-10-04,100000,TOP Oss,132,NL1
4698,2004-10-04,600000,Vitesse Arnhem,306,NL1
4740,2004-10-04,8500000,Hamburger SV,27,L1
4742,2004-10-04,250000,TSV 1860 Munich,2715,BE1
4746,2004-10-04,100000,Blackburn Rovers,15,L1
4750,2004-10-04,1250000,Wolverhampton Wanderers,1241,SC1
4755,2004-10-04,750000,Rangers FC,1519,SC1
4763,2004-10-04,50000,SC Heerenveen U19,5817,DK1
4793,2004-10-04,300000,Neuchâtel Xamax,458,IT1
4796,2004-10-04,600000,Neuchâtel Xamax,667,FR1
4811,2004-10-04,3000000,RC Lens,969,FR1
4829,2004-10-04,2500000,Austria Vienna,5817,DK1
4873,2004-10-04,750000,FC Thun,1506,TR1
5017,2004-10-04,50000,Ajax Amsterdam U21,86,L1
5072,2004-10-04,50000,1.FC Köln II,3,L1
5169,2004-10-04,11000000,FC Porto,2425,PO1
5278,2004-10-04,3000000,AC Siena,31,GB1
5281,2004-10-04,2000000,AS Monaco,162,FR1
5283,2004-10-04,8000000,Olympique Lyon,683,GR1
5285,2004-10-04,7500000,AS Monaco,244,FR1
5286,2004-10-04,1500000,AS Monaco,14171,FR1
5293,2004-10-04,5000000,AS Monaco,595,FR1
5299,2004-10-04,15000000,FC Barcelona,1158,FR1
5300,2004-10-04,15000000,Paris Saint-Germain,595,FR1
5303,2004-10-04,3000000,AS Monaco,969,FR1
5308,2004-10-04,300000,EA Guingamp,141,TR1
5309,2004-10-04,750000,OGC Nice,1159,FR1
5315,2004-10-04,2500000,Olympique Marseille,653,GR1
5338,2004-10-04,1000000,RC Strasbourg Alsace,1162,FR1
5339,2004-10-04,7000000,Real Sociedad,3558,FR1
5345,2004-10-04,400000,SC Bastia,1159,FR1
5348,2004-10-04,2500000,OGC Nice,2969,FR1
5352,2004-10-04,3500000,Olympique Lyon,931,GB1
5357,2004-10-04,7000000,Olympique Lyon,14171,FR1
5376,2004-10-04,6000000,FC Girondins Bordeaux,417,FR1
5393,2004-10-04,2000000,FC Sochaux-Montbéliard,1095,FR1
5399,2004-10-04,50000,LB Châteauroux,3911,FR1
5404,2004-10-04,2500000,FC Sochaux-Montbéliard,336,PO1
5406,2004-10-04,6000000,Olympique Marseille,1159,FR1
5418,2004-10-04,8500000,Rangers FC,265,GR1
5422,2004-10-04,12500000,AS Roma,5,IT1
5430,2004-10-04,750000,AJ Auxerre,855,FR1
5431,2004-10-04,850000,FC Toulouse,415,FR1
5438,2004-10-04,6500000,Juventus FC,2672,GR1
5439,2004-10-04,600000,AS Saint-Étienne,128,GR1
5444,2004-10-04,500000,AS Saint-Étienne,583,FR1
5451,2004-10-04,1250000,Southampton FC,1162,FR1
5452,2004-10-04,150000,EA Guingamp,2696,RU1
5461,2004-10-04,4500000,Olympique Lyon,347,FR1
5469,2004-10-04,250000,RC Lens,162,FR1
5470,2004-10-04,1500000,RC Lens,524,TR1
5474,2004-10-04,1000000,AS Saint-Étienne,583,FR1
5477,2004-10-04,350000,LB Châteauroux,244,FR1
5486,2004-10-04,2000000,RC Lens,12,IT1
5495,2004-10-04,3500000,RC Lens,2381,TR1
5501,2004-10-04,1000000,FC Nantes,458,IT1
5507,2004-10-04,10000000,Paris Saint-Germain,800,IT1
5509,2004-10-04,7000000,Manchester United,465,SC1
5513,2004-10-04,500000,FC Nantes,40,FR1
5516,2004-10-04,500000,Grenoble Foot 38,6418,GR1
5518,2004-10-04,2500000,Sevilla FC,653,GR1
5521,2004-10-04,2000000,FC Nantes,3558,FR1
5539,2004-10-04,1800000,FC Sochaux-Montbéliard,969,FR1
5543,2004-10-04,750000,OGC Nice,2969,FR1
5544,2004-10-04,750000,LOSC Lille,995,FR1
5562,2004-10-04,2000000,FC Porto,1465,PO1
5566,2004-10-04,700000,SC Bastia,347,FR1
5574,2004-10-04,2500000,Paris Saint-Germain,403,NL1
5576,2004-10-04,350000,AS Monaco,1158,FR1
5578,2004-10-04,600000,SC Bastia,1421,FR1
5586,2004-10-04,300000,SC Bastia,21957,GR1
5588,2004-10-04,12000000,Olympique Lyon,265,GR1
5592,2004-10-04,2000000,Stade Rennais FC,969,FR1
5597,2004-10-04,600000,SC Bastia,1095,FR1
5614,2004-10-04,2750000,RC Strasbourg Alsace,750,FR1
5622,2004-10-04,1750000,RC Strasbourg Alsace,1095,FR1
5627,2004-10-04,1700000,RSC Anderlecht,14171,FR1
5635,2004-10-04,2000000,LOSC Lille,40,FR1
5636,2004-10-04,600000,VfB Stuttgart,200,NL1
5639,2004-10-04,50000,Valenciennes FC,1162,FR1
5645,2004-10-04,750000,AJ Auxerre,244,FR1
5648,2004-10-04,3500000,LOSC Lille,589,TR1
5652,2004-10-04,50000,Stade Brestois 29,984,GB1
5658,2004-10-04,14000000,Chelsea FC,11,GB1
5664,2004-10-04,1500000,Stade Rennais FC,1158,FR1
5667,2004-10-04,50000,AS Nancy-Lorraine,1506,TR1
5668,2004-10-04,4000000,Olympique Lyon,289,GB1
5672,2004-10-04,3000000,Stade Rennais FC,855,FR1
5676,2004-10-04,2500000,Stade Rennais FC,14171,FR1
5680,2004-10-04,2500000,Stade Rennais FC,595,FR1
5686,2004-10-04,150000,Montpellier HSC,969,FR1
5687,2004-10-04,600000,FC Istres Ouest Provence ,2727,BE1
5688,2004-10-04,50000,Montpellier HSC,128,GR1
5698,2004-10-04,3000000,Stade Rennais FC,14171,FR1
5755,2004-10-04,1200000,Valencia CF,416,IT1
5768,2004-10-04,8000000,Juventus FC,430,IT1
5782,2004-10-04,12000000,FC Internazionale,36,TR1
5793,2004-10-04,3000000,FC Internazionale,410,IT1
5794,2004-10-04,10000000,FC Internazionale,3368,ES1
5812,2004-10-04,3000000,AC Milan,398,IT1
5817,2004-10-04,20000000,AC Milan,506,IT1
5818,2004-10-04,8000000,AC Milan,430,IT1
5825,2004-10-04,3000000,Reggina Calcio,1390,IT1
5853,2004-10-04,150000,Parma FC,1210,IT1
5854,2004-10-04,14000000,Parma FC,20,TR1
5856,2004-10-04,11000000,Parma FC,1050,ES1
5858,2004-10-04,5000000,Parma FC,6574,IT1
5868,2004-10-04,10000000,Chievo Verona,749,IT1
5870,2004-10-04,6000000,FC Messina Peloro,2999,SC1
5873,2004-10-04,10000000,Parma FC,1038,IT1
5878,2004-10-04,20000000,Parma FC,2921,IT1
5879,2004-10-04,15000000,Chelsea FC,1147,FR1
5880,2004-10-04,1500000,Udinese Calcio,162,FR1
5881,2004-10-04,200000,Modena FC,172,BE1
5889,2004-10-04,5000000,Calcio Catania,6574,IT1
5890,2004-10-04,500000,FC Empoli,1627,IT1
5892,2004-10-04,7000000,ACF Fiorentina,678,DK1
5893,2004-10-04,750000,Udinese Calcio,410,IT1
5896,2004-10-04,3000000,Udinese Calcio,430,IT1
5904,2004-10-04,1500000,Udinese Calcio,506,IT1
5908,2004-10-04,2500000,ACF Fiorentina,430,IT1
5917,2004-10-04,1000000,Chievo Verona,273,FR1
5922,2004-10-04,10000000,AS Roma,12,IT1
5925,2004-10-04,5000000,Juventus FC,1627,IT1
5928,2004-10-04,1500000,Chievo Verona,862,IT1
5936,2004-10-04,8000000,AS Roma,2921,IT1
5938,2004-10-04,25000000,Real Madrid,46,IT1
5942,2004-10-04,7000000,Juventus FC,415,FR1
5946,2004-10-04,750000,Parma FC,2921,IT1
5947,2004-10-04,14000000,AS Roma,12,IT1
5948,2004-10-04,1200000,Parma FC,252,IT1
5957,2004-10-04,3000000,AS Roma,472,ES1
5958,2004-10-04,35000000,AS Roma,12,IT1
5962,2004-10-04,25000000,AS Roma,1038,IT1
5966,2004-10-04,2000000,Brescia Calcio,42,L1
5967,2004-10-04,850000,SS Lazio,4750,PO1
5970,2004-10-04,3500000,ACF Fiorentina,862,IT1
5974,2004-10-04,1000000,Shakhtar Donetsk,276,IT1
5976,2004-10-04,150000,Brescia Calcio,862,IT1
5980,2004-10-04,15000000,US Palermo,276,IT1
5986,2004-10-04,300000,Ascoli Calcio 1898,276,IT1
5993,2004-10-04,8000000,US Palermo,4102,IT1
6012,2004-10-04,350000,FC Empoli,1429,IT1
6020,2004-10-04,50000,FC Empoli,749,IT1
6026,2004-10-04,5000000,SS Lazio,398,IT1
6031,2004-10-04,6000000,Udinese Calcio,410,IT1
6033,2004-10-04,50000,FC Empoli,410,IT1
6043,2004-10-04,750000,Udinese Calcio,398,IT1
6046,2004-10-04,1800000,Brescia Calcio,252,IT1
6053,2004-10-04,350000,Portsmouth FC,825,TR1
6058,2004-10-04,250000,Brescia Calcio,416,IT1
6065,2004-10-04,3500000,Spartak Moscow,3691,RU1
6073,2004-10-04,500000,Reggina Calcio,653,GR1
6075,2004-10-04,250000,Hellas Verona,1387,IT1
6076,2004-10-04,400000,Udinese Calcio,862,IT1
6087,2004-10-04,4000000,ACF Fiorentina,128,GR1
6090,2004-10-04,6000000,Juventus FC,2921,IT1
6097,2004-10-04,15000000,ACF Fiorentina,458,IT1
6106,2004-10-04,8000000,FC Internazionale,931,GB1
6107,2004-10-04,1000000,FC Istres Ouest Provence ,3008,GB1
6118,2004-10-04,2000000,RC Strasbourg Alsace,114,TR1
6119,2004-10-04,1200000,Valencia CF,3368,ES1
6131,2004-10-04,75000,FC St. Gallen 1879,79,L1
6150,2004-10-04,8000000,AC Milan,762,GB1
6157,2004-10-04,6000000,AS Roma,2921,IT1
6160,2004-10-04,2500000,Sporting CP,800,IT1
6176,2004-10-04,1750000,Without Club,1083,RU1
6233,2004-10-04,7000000,Chievo Verona,862,IT1
6234,2004-10-04,4000000,Chievo Verona,416,IT1
6237,2004-10-04,150000,1.FC Nuremberg,15,L1
6251,2004-10-04,500000,Standard Liège,441,GR1
6267,2004-10-04,2000000,Paris Saint-Germain,995,FR1
6270,2004-10-04,50000,Le Mans Union Club 72,244,FR1
6274,2004-10-04,50000,Le Mans Union Club 72,855,FR1
6278,2004-10-04,250000,Le Mans Union Club 72,1147,FR1
6287,2004-10-04,150000,VfB Stuttgart,23,L1
6288,2004-10-04,250000,VfB Stuttgart II,79,L1
6301,2004-10-04,140000,SV Ried,169,GR1
6320,2004-10-04,4000000,Feyenoord Rotterdam,1083,RU1
6322,2004-10-04,100000,Sportfreunde Siegen,3,L1
6400,2004-10-04,1000000,Without Club,403,NL1
6403,2004-10-04,300000,Twente Enschede FC,1304,NL1
6404,2004-10-04,150000,ADO Den Haag,371,SC1
6427,2004-10-04,5000000,UC Sampdoria,276,IT1
6438,2004-10-04,250000,US Lecce,265,GR1
6442,2004-10-04,50000,US Lecce,430,IT1
6448,2004-10-04,5000000,US Lecce,506,IT1
6457,2004-10-04,50000,Fortuna Düsseldorf,38,L1
6585,2004-10-04,2000000,FC Girondins Bordeaux,3368,ES1
6590,2004-10-04,3500000,Stade Rennais FC,10484,TR1
6636,2004-10-04,75000,SV Mattersburg,1003,GB1
6645,2004-10-04,1000000,Hannover 96,33,L1
6666,2004-10-04,75000,FC St. Gallen 1879,498,BE1
6710,2004-10-04,1500000,Hannover 96,11,GB1
6717,2004-10-04,1000000,Reggina Calcio,2921,IT1
6721,2004-10-04,4000000,US Palermo,252,IT1
6722,2004-10-04,1500000,US Palermo,130,IT1
6750,2004-10-04,350000,Brescia Calcio,410,IT1
6764,2004-10-04,2000000,Feyenoord Rotterdam,1426,NL1
6791,2004-10-04,75000,TSG 1899 Hoffenheim,533,L1
6792,2004-10-04,200000,Modena FC,252,IT1
6793,2004-10-04,750000,UC Sampdoria,1038,IT1
6803,2004-10-04,100000,FC Toulouse,244,FR1
6807,2004-10-04,50000,ASG Nocerina,12,IT1
6824,2004-10-04,150000,Hamburger SV II,2414,DK1
6832,2004-10-04,6000000,SS Lazio,2921,IT1
6838,2004-10-04,150000,Udinese Calcio,3709,ES1
6852,2004-10-04,250000,US Salernitana,142,ES1
6853,2004-10-04,50000,FC Groningen,1304,NL1
6855,2004-10-04,1200000,SC Heerenveen,984,GB1
6860,2004-10-04,1250000,Galatasaray,2292,TR1
6861,2004-10-04,1500000,Trabzonspor,3508,BE1
6866,2004-10-04,1250000,Galatasaray,6890,TR1
6871,2004-10-04,8000000,Trabzonspor,2698,RU1
6873,2004-10-04,1000000,Diyarbakirspor,3216,TR1
6893,2004-10-04,1750000,Spartak Moscow,984,GB1
6910,2004-10-04,1000000,Trabzonspor,3216,TR1
6911,2004-10-04,1500000,Gaziantepspor,141,TR1
6912,2004-10-04,1000000,Trabzonspor,2293,TR1
6915,2004-10-04,1250000,Trabzonspor,19771,TR1
6917,2004-10-04,750000,Trabzonspor,3216,TR1
6931,2004-10-04,350000,Vitesse Arnhem,1090,NL1
6934,2004-10-04,9000000,Fenerbahce,20,TR1
6949,2004-10-04,2750000,Galatasaray,6894,TR1
6968,2004-10-04,50000,Adanaspor,10484,TR1
6970,2004-10-04,2500000,EA Guingamp,172,BE1
6980,2004-10-04,200000,FC Toulouse,855,FR1
6986,2004-10-04,350000,FC Toulouse,855,FR1
6994,2004-10-04,50000,Trabzonspor,2381,TR1
7023,2004-10-04,200000,Bursa Merinosspor,524,TR1
7025,2004-10-04,3000000,Fenerbahce,1467,TR1
7028,2004-10-04,3500000,Genclerbirligi Ankara,968,BE1
7041,2004-10-04,2000000,Fenerbahce,3216,TR1
7043,2004-10-04,1000000,Fenerbahce,6890,TR1
7054,2004-10-04,2800000,Genclerbirligi Ankara,589,TR1
7063,2004-10-04,1500000,Denizlispor,6890,TR1
7072,2004-10-04,200000,Denizlispor,3216,TR1
7079,2004-10-04,2500000,Fenerbahce,36,TR1
7087,2004-10-04,190000,Denizlispor,2292,TR1
7088,2004-10-04,2500000,Akcaabat Sebatspor,3216,TR1
7090,2004-10-04,1500000,Istanbulspor,19771,TR1
7093,2004-10-04,600000,Sangiovannese 1927,6574,IT1
7096,2004-10-04,75000,FC Crotone,19,IT1
7101,2004-10-04,100000,Chievo Verona,8970,IT1
7102,2004-10-04,250000,Modena FC,800,IT1
7103,2004-10-04,200000,AC Belluno 1905,862,IT1
7109,2004-10-04,7000000,US Palermo,506,IT1
7110,2004-10-04,100000,Denizlispor,10484,TR1
7133,2004-10-04,1500000,CD Cruz Azul,265,GR1
7152,2004-10-04,750000,Istanbulspor,868,TR1
7153,2004-10-04,300000,Genclerbirligi Ankara,2292,TR1
7194,2004-10-04,1250000,Malatyaspor,3216,TR1
7214,2004-10-04,50000,Kickers Offenbach,6418,GR1
7215,2004-10-04,150000,Büyüksehir Belediyespor,1506,TR1
7237,2004-10-04,4500000,Galatasaray,1467,TR1
7253,2004-10-04,350000,Gaziantepspor,2293,TR1
7264,2004-10-04,3500000,Besiktas JK,2381,TR1
7288,2004-10-04,100000,FC Zwolle,1269,NL1
7309,2004-10-04,50000,Inegölspor,524,TR1
7311,2004-10-04,200000,Bursaspor,524,TR1
7319,2004-10-04,1000000,Bursaspor,39722,TR1
7326,2004-10-04,50000,Heracles Almelo,1304,NL1
7330,2004-10-04,3750000,Blackburn Rovers,984,GB1
7337,2004-10-04,100000,Swansea City,2288,GB1
7345,2004-10-04,3000000,Fenerbahce,3216,TR1
7346,2004-10-04,200000,Genclerbirligi Ankara,114,TR1
7353,2004-10-04,1250000,CA Osasuna,16795,ES1
7358,2004-10-04,250000,Racing Club,4,L1
7373,2004-10-04,5500000,FC Girondins Bordeaux,410,IT1
7394,2004-10-04,50000,Kayserispor,20698,TR1
7397,2004-10-04,750000,Konyaspor,524,TR1
7401,2004-10-04,950000,Gaziantepspor,6890,TR1
7402,2004-10-04,350000,Akcaabat Sebatspor,1506,TR1
7423,2004-10-04,1500000,Malatyaspor,20,TR1
7427,2004-10-04,5250000,CSKA Moscow,41,L1
7444,2004-10-04,50000,Malatyaspor,19771,TR1
7445,2004-10-04,250000,Sivasspor,589,TR1
7448,2004-10-04,2200000,Feyenoord Rotterdam,204,BE1
7449,2004-10-04,400000,Arsenal FC,6890,TR1
7451,2004-10-04,8500000,Real Sociedad,11,GB1
7468,2004-10-04,2500000,Real Sociedad,3368,ES1
7476,2004-10-04,16000000,Liverpool FC,27,L1
7480,2004-10-04,50000,SD Eibar,331,ES1
7486,2004-10-04,5000000,Deportivo de La Coruña,204,BE1
7492,2004-10-04,7000000,Deportivo de La Coruña,897,ES1
7499,2004-10-04,6000000,Deportivo de La Coruña,800,IT1
7501,2004-10-04,20000000,Deportivo de La Coruña,472,ES1
7512,2004-10-04,500000,Real Madrid,366,ES1
7519,2004-10-04,900000,Albacete Balompié,331,ES1
7520,2004-10-04,10000000,FC Internazionale,683,GR1
7528,2004-10-04,4250000,CA Osasuna,6676,GR1
7537,2004-10-04,50000,Celta de Vigo,131,ES1
7542,2004-10-04,7500000,Besiktas JK,3368,ES1
7563,2004-10-04,2800000,Valencia CF,15,L1
7568,2004-10-04,850000,Valencia CF,3368,ES1
7572,2004-10-04,9000000,Valencia CF,897,ES1
7575,2004-10-04,3500000,Valencia CF,1049,ES1
7589,2004-10-04,3500000,FC Barcelona,641,GB1
7593,2004-10-04,1000000,FC Barcelona,897,ES1
7600,2004-10-04,6000000,FC Barcelona,131,ES1
7602,2004-10-04,7500000,FC Barcelona,583,FR1
7607,2004-10-04,8500000,FC Barcelona,131,ES1
7611,2004-10-04,20000000,AS Monaco,276,IT1
7612,2004-10-04,2250000,Athletic Bilbao,13,ES1
7629,2004-10-04,300000,CD Numancia,7185,GR1
7631,2004-10-04,50000,Athletic Bilbao,621,ES1
7633,2004-10-04,1500000,Athletic Bilbao,2698,RU1
7642,2004-10-04,50000,Real Betis Balompié,6195,IT1
7663,2004-10-04,13500000,Real Betis Balompié,150,ES1
7668,2004-10-04,50000,RCD Mallorca,2687,ES1
7669,2004-10-04,500000,Atlético de Madrid,142,ES1
7682,2004-10-04,8000000,Atlético de Madrid,169,GR1
7717,2004-10-04,35000000,Arsenal FC,714,ES1
7723,2004-10-04,50000,Atlético de Madrid,237,ES1
7737,2004-10-04,4250000,CA Osasuna,128,GR1
7739,2004-10-04,1500000,CA Osasuna,331,ES1
7763,2004-10-04,3000000,Real Zaragoza,142,ES1
7767,2004-10-04,16500000,Atlético de Madrid,13,ES1
7776,2004-10-04,3250000,Liverpool FC,128,GR1
7781,2004-10-04,50000,Málaga CF,1108,ES1
7782,2004-10-04,50000,Málaga CF,1084,ES1
7784,2004-10-04,3500000,Málaga CF,498,BE1
7795,2004-10-04,50000,Málaga CF,6676,GR1
7797,2004-10-04,2750000,Real Valladolid CF,410,IT1
7803,2004-10-04,5500000,Real Valladolid CF,150,ES1
7818,2004-10-04,4000000,Real Zaragoza,366,ES1
7821,2004-10-04,1500000,Racing Santander,605,GR1
7828,2004-10-04,50000,RCD Mallorca,3368,ES1
7841,2004-10-04,500000,Sevilla FC,16795,ES1
7844,2004-10-04,50000,RCD Mallorca,157,BE1
7858,2004-10-04,4000000,Racing Santander,379,GB1
7867,2004-10-04,400000,Deportivo Alavés,897,ES1
7874,2004-10-04,50000,SD Eibar,12321,ES1
7881,2004-10-04,1250000,RCD Espanyol Barcelona,897,ES1
7899,2004-10-04,2500000,RCD Espanyol Barcelona,367,ES1
7901,2004-10-04,3500000,Atlético de Madrid,331,ES1
7914,2004-10-04,1250000,RCD Espanyol Barcelona,36,TR1
7922,2004-10-04,2500000,Levante UD,714,ES1
7923,2004-10-04,1400000,Real Madrid B,367,ES1
7930,2004-10-04,100000,Luton Town,903,SC1
7937,2004-10-04,300000,Unknown,2381,TR1
7945,2004-10-04,3000000,Polideportivo Ejido,3302,ES1
7949,2004-10-04,150000,FC Volendam,132,NL1
7955,2004-10-04,75000,FC Volendam,200,NL1
7970,2004-10-04,400000,ADO Den Haag,132,NL1
7971,2004-10-04,1800000,Feyenoord Rotterdam,44,L1
7978,2004-10-04,750000,Real Zaragoza,653,GR1
7980,2004-10-04,2500000,Real Zaragoza,13,ES1
7983,2004-10-04,500000,Real Zaragoza,897,ES1
7985,2004-10-04,50000,Real Zaragoza,1531,ES1
7989,2004-10-04,1500000,Real Zaragoza,3302,ES1
8006,2004-10-04,2000000,RCD Mallorca,1245,BE1
8019,2004-10-04,10000000,SL Benfica,714,ES1
8060,2004-10-04,250000,FC Lorient,2381,TR1
8073,2004-10-04,50000,VfB Admira Wacker Mödling,449,TR1
8108,2004-10-04,50000,FC Barcelona U19,5358,ES1
8163,2004-10-04,500000,FC Barcelona B,367,ES1
8176,2004-10-04,50000,Real Unión Irún U19,714,ES1
8184,2004-10-04,50000,FC Barcelona B,331,ES1
8187,2004-10-04,50000,Unknown,2672,GR1
8188,2004-10-04,2000000,Blackburn Rovers,1039,GB1
8198,2004-10-04,18000000,Manchester United,18544,
8206,2004-10-04,300000,US Pistoiese 1921,1429,IT1
8207,2004-10-04,250000,US Catanzaro,6195,IT1
8245,2004-10-04,250000,TSV 1860 Munich,204,BE1
8246,2004-10-04,50000,TSV 1860 München II,73,
8317,2004-10-04,100000,TSV 1860 Munich,82,L1
8323,2004-10-04,800000,Albacete Balompié,366,ES1
8387,2004-10-04,50000,TSG 1899 Hoffenheim,1304,NL1
8421,2004-10-04,200000,PSV Eindhoven,3426,DK1
8487,2004-10-04,100000,Besiktas JK,589,TR1
8490,2004-10-04,250000,Adanaspor,126,TR1
8491,2004-10-04,200000,Antalyaspor,589,TR1
8538,2004-10-04,12500000,Chelsea FC,13,ES1
8539,2004-10-04,50000,Sivasspor,589,TR1
8540,2004-10-04,500000,FC Girondins Bordeaux,1041,FR1
8548,2004-10-04,50000,Mersin Idmanyurdu,1506,TR1
8552,2004-10-04,1000000,Roda JC Kerkrade,2381,TR1
8559,2004-10-04,4750000,Portsmouth FC,3205,TR1
8640,2004-10-04,50000,Fortuna Düsseldorf,38,L1
8669,2004-10-04,400000,FK Zvezdara,6414,UKR1
8680,2004-10-04,800000,Akcaabat Sebatspor,6894,TR1
8689,2004-10-04,50000,Bayer 04 Leverkusen,6890,TR1
8691,2004-10-04,50000,Gaziantepspor,868,TR1
8706,2004-10-04,1000000,MKE Ankaragücü,3216,TR1
8709,2004-10-04,450000,Akcaabat Sebatspor,820,TR1
8730,2004-10-04,50000,FC Barcelona B,6676,GR1
8733,2004-10-04,50000,FC Barcelona B,172,BE1
8746,2004-10-04,50000,FC Barcelona B,366,ES1
8806,2004-10-04,2500000,Arsenal FC,162,FR1
8883,2004-10-04,6000000,AS Monaco,3205,TR1
8885,2004-10-04,2000000,AS Monaco,40,FR1
9091,2004-10-04,5000000,Deportivo de La Coruña,430,IT1
9161,2004-10-04,50000,Chesterfield FC,2553,SC1
9218,2004-10-04,600000,Portsmouth FC,379,GB1
9239,2004-10-04,150000,ESTAC Troyes,1095,FR1
9335,2004-10-04,500000,Sporting CP Sub-15,3329,PO1
9339,2004-10-04,50000,Borussia Mönchengladbach II,2293,TR1
9340,2004-10-04,50000,Borussia Mönchengladbach II,371,SC1
9354,2004-10-04,50000,Hertha BSC,41,L1
9410,2004-10-04,500000,Arsenal FC,1506,TR1
9413,2004-10-04,500000,Bolton Wanderers,7378,PO1
9422,2004-10-04,100000,St. Johnstone FC,124,SC1
9493,2004-10-04,50000,Dundee FC,2759,SC1
9500,2004-10-04,750000,Celtic FC,371,SC1
9501,2004-10-04,3000000,Celtic FC,511,SC1
9502,2004-10-04,50000,Unknown,987,SC1
9506,2004-10-04,750000,Celtic FC,2578,SC1
9508,2004-10-04,1000000,Celtic FC,3008,GB1
9509,2004-10-04,750000,Celtic FC,465,SC1
9524,2004-10-04,1500000,Panathinaikos Athens,1519,SC1
9543,2004-10-04,750000,VfL Bochum,65,L1
9586,2004-10-04,600000,RSC Anderlecht,11127,RU1
9593,2004-10-04,3500000,RSC Anderlecht,3508,BE1
9594,2004-10-04,10000000,RSC Anderlecht,58,BE1
9596,2004-10-04,1750000,RSC Anderlecht,520,BE1
9602,2004-10-04,350000,RKC Waalwijk,1091,GR1
9604,2004-10-04,350000,Heracles Almelo,968,BE1
9616,2004-10-04,2000000,Rangers FC,465,SC1
9618,2004-10-04,50000,Rangers FC,2553,SC1
9619,2004-10-04,50000,Rangers FC,405,GB1
9621,2004-10-04,1800000,Rangers FC,3205,TR1
9638,2004-10-04,1000000,Club Brugge KV,520,BE1
9643,2004-10-04,700000,Standard Liège,172,BE1
9644,2004-10-04,4000000,CSKA Moscow,2410,RU1
9645,2004-10-04,6000000,Lokomotiv Moscow,16704,RU1
9646,2004-10-04,4500000,Lokomotiv Moscow,932,RU1
9647,2004-10-04,1500000,Club Brugge KV,968,BE1
9659,2004-10-04,2500000,Club Brugge KV,2861,BE1
9665,2004-10-04,800000,RBC Roosendaal,520,BE1
9667,2004-10-04,350000,Club Brugge KV,566,BE1
9684,2004-10-04,2500000,Olympiacos Piraeus,2079,GR1
9688,2004-10-04,2000000,Shakhtar Donetsk,660,UKR1
9694,2004-10-04,300000,Olympiacos Piraeus,169,GR1
9696,2004-10-04,800000,Olympiacos Piraeus,6676,GR1
9697,2004-10-04,50000,FK Teplice,60,L1
9698,2004-10-04,500000,Panathinaikos Athens,265,GR1
9706,2004-10-04,3800000,Panathinaikos Athens,82,L1
9707,2004-10-04,400000,Olympiacos Piraeus,441,GR1
9711,2004-10-04,2250000,Olympiacos Piraeus,367,ES1
9737,2004-10-04,700000,Olympiacos Piraeus,2671,GR1
9743,2004-10-04,1500000,Olympiacos Piraeus,128,GR1
9761,2004-10-04,3500000,Olympiacos Piraeus,2671,GR1
9775,2004-10-04,2000000,Dynamo Kyiv,338,UKR1
9779,2004-10-04,500000,Dynamo Kyiv,9007,UKR1
9786,2004-10-04,2000000,Dynamo Kyiv,4128,RU1
9794,2004-10-04,500000,Dynamo Kyiv,338,UKR1
9796,2004-10-04,250000,Dynamo 2 Kyiv,2700,RU1
9798,2004-10-04,4000000,Dynamo Kyiv,6996,UKR1
9800,2004-10-04,250000,Dynamo Kyiv,61825,UKR1
9813,2004-10-04,5000000,FC Porto,449,TR1
9814,2004-10-04,50000,Vitória Setúbal FC,2424,PO1
9819,2004-10-04,500000,FC Porto,2503,PO1
9824,2004-10-04,50000,FC Porto,2441,GR1
9828,2004-10-04,30000000,Chelsea FC,162,FR1
9830,2004-10-04,50000,FC Porto,2424,PO1
9832,2004-10-04,20000000,Chelsea FC,631,GB1
9836,2004-10-04,3000000,Panathinaikos Athens,3060,GR1
9841,2004-10-04,5000000,FC Porto,265,GR1
9847,2004-10-04,250000,AEK Athens,5219,GR1
9849,2004-10-04,250000,Aris Thessaloniki,128,GR1
9850,2004-10-04,750000,AEK Athens,4603,GR1
9852,2004-10-04,5000000,AEK Athens,3060,GR1
9856,2004-10-04,50000,Thrasyvoulos Fylis,47,GR1
9871,2004-10-04,500000,AEK Athens,2079,GR1
9885,2004-10-04,750000,Watford FC,1032,GB1
9915,2004-10-04,1000000,Tottenham Hotspur,6574,IT1
9934,2004-10-04,50000,Grasshopper Club Zurich,28095,RU1
9956,2004-10-04,4000000,Everton FC,987,SC1
9966,2004-10-04,50000,FC Zürich,1010,GB1
9967,2004-10-04,250000,FC Zürich,1025,IT1
9975,2004-10-04,50000,Burnley FC,180,GB1
9980,2004-10-04,1500000,West Bromwich Albion,1039,GB1
9988,2004-10-04,50000,Nottingham Forest,3008,GB1
10003,2004-10-04,50000,Nottingham Forest,1003,GB1
10025,2004-10-04,50000,Coventry City,2578,SC1
10029,2004-10-04,500000,Coventry City,465,SC1
10118,2004-10-04,750000,Galatasaray,126,TR1
10121,2004-10-04,200000,Genclerbirligi Ankara U21,820,TR1
10139,2004-10-04,1000000,Denizlispor,3216,TR1
10143,2004-10-04,50000,MKE Ankaragücü,19789,TR1
10152,2004-10-04,3000000,Besiktas JK,19771,TR1
10183,2004-10-04,50000,FC Barcelona B,653,GR1
10244,2004-10-04,400000,Royal Antwerp FC,520,BE1
10250,2004-10-04,100000,FC Thun,23826,L1
10254,2004-10-04,200000,PAOK Thessaloniki,7185,GR1
10255,2004-10-04,2000000,RC Strasbourg Alsace,416,IT1
10267,2004-10-04,50000,KAS Eupen,968,BE1
10288,2004-10-04,3000000,Shakhtar Donetsk,16245,UKR1
10289,2004-10-04,1000000,RCD Mallorca,367,ES1
10329,2004-10-04,50000,FC Nöttingen,533,L1
10375,2004-10-04,50000,Swansea City,989,GB1
10424,2004-10-04,50000,Ross County FC,1519,SC1
10501,2004-10-04,250000,Blackburn Rovers,1003,GB1
10503,2004-10-04,50000,Borussia Dortmund II,127,L1
10504,2004-10-04,150000,Borussia Dortmund II,6894,TR1
10598,2004-10-04,75000,1.FC Nuremberg II,2381,TR1
10642,2004-10-04,50000,Wycombe Wanderers,762,GB1
10917,2004-10-04,200000,Eintracht Frankfurt II,24,L1
11268,2004-10-04,175000,SSV Jahn Regensburg,38,L1
11354,2004-10-04,200000,Stockport County,465,SC1
11359,2004-10-04,200000,St. Johnstone FC,511,SC1
11360,2004-10-04,200000,Wigan Athletic,2553,SC1
11365,2004-10-04,200000,Aberdeen FC,2451,SC1
11378,2004-10-04,150000,Airdrie United FC,465,SC1
11680,2004-10-04,5000000,Norwich City,631,GB1
12028,2004-10-04,850000,FC Metz,1421,FR1
12029,2004-10-04,1500000,Valencia CF,1049,ES1
12033,2004-10-04,300000,FC Gueugnon,1421,FR1
12064,2004-10-04,50000,Arsenal Kyiv,4482,UKR1
12093,2004-10-04,1500000,LB Châteauroux,347,FR1
12096,2004-10-04,100000,FC Metz,1082,FR1
12098,2004-10-04,100000,1.FC Union Berlin,2553,SC1
12101,2004-10-04,4000000,FC Metz,347,FR1
12106,2004-10-04,300000,FC Metz,126,TR1
12112,2004-10-04,500000,Udinese Calcio,4750,PO1
12115,2004-10-04,75000,De Graafschap Doetinchem,467,NL1
12124,2004-10-04,50000,Sheffield Wednesday,43,SC1
12125,2004-10-04,75000,Tottenham Hotspur,1032,GB1
12127,2004-10-04,50000,Charlton Athletic,1123,GB1
12134,2004-10-04,100000,FC Toulouse,618,FR1
12142,2004-10-04,250000,Grêmio Foot-Ball Porto Alegrense,12,IT1
12149,2004-10-04,3500000,Paris Saint-Germain,995,FR1
12275,2004-10-04,250000,AJ Auxerre,618,FR1
12351,2004-10-04,200000,AJ Auxerre,68608,PO1
12359,2004-10-04,75000,RC Lens B,8152,
12379,2004-10-04,2500000,FC Girondins Bordeaux,40,FR1
12384,2004-10-04,50000,Rosenborg BK,1123,GB1
12386,2004-10-04,1250000,Stade Rennais FC,1420,FR1
12387,2004-10-04,1500000,Stade Rennais FC,2381,TR1
12391,2004-10-04,150000,FC Nantes,1095,FR1
12398,2004-10-04,500000,Ipswich Town,903,SC1
12401,2004-10-04,50000,Derby County,603,GB1
12502,2004-10-04,150000,FC Sochaux-Montbéliard,1147,FR1
12503,2004-10-04,2500000,FC Sochaux-Montbéliard,417,FR1
12508,2004-10-04,250000,EA Guingamp,347,FR1
12515,2004-10-04,600000,FC Sochaux-Montbéliard,347,FR1
12516,2004-10-04,1000000,LOSC Lille,512,GB1
12517,2004-10-04,750000,Standard Liège,1084,ES1
12518,2004-10-04,850000,AA La Louviere U19,398,IT1
12530,2004-10-04,50000,Elazigspor,6890,TR1
12563,2004-10-04,500000,SS Lazio,252,IT1
12569,2004-10-04,500000,Norwich City,43,SC1
12570,2004-10-04,50000,Dundee United FC,1519,SC1
12575,2004-10-04,50000,Dundee United FC,2578,SC1
12589,2004-10-04,750000,Heart of Midlothian FC,43,SC1
12597,2004-10-04,50000,Heart of Midlothian FC,903,SC1
12610,2004-10-04,700000,Heart of Midlothian FC,43,SC1
12628,2004-10-04,50000,Dunfermline Athletic FC,1032,GB1
12638,2004-10-04,50000,Dunfermline Athletic FC,2553,SC1
12654,2004-10-04,50000,Motherwell FC,987,SC1
12663,2004-10-04,350000,Motherwell FC,987,SC1
12665,2004-10-04,50000,Plymouth Argyle,987,SC1
12673,2004-10-04,750000,Celtic FC,987,SC1
12674,2004-10-04,50000,Motherwell FC,2759,SC1
12682,2004-10-04,300000,Cardiff City,1519,SC1
12688,2004-10-04,400000,Hibernian FC,370,SC1
12691,2004-10-04,50000,Cardiff City,379,GB1
12693,2004-10-04,50000,Hibernian FC,873,GB1
12703,2004-10-04,50000,Hibernian FC U20,511,SC1
12704,2004-10-04,50000,Hibernian FC,903,SC1
12709,2004-10-04,200000,Cardiff City,873,GB1
12729,2004-10-04,50000,Kilmarnock FC,2553,SC1
12732,2004-10-04,50000,Kilmarnock FC,2553,SC1
12742,2004-10-04,50000,Kilmarnock FC,2553,SC1
12743,2004-10-04,50000,Kilmarnock FC,2578,SC1
12746,2004-10-04,50000,Kilmarnock FC,511,SC1
12751,2004-10-04,50000,Kilmarnock FC,511,SC1
12752,2004-10-04,50000,Kilmarnock FC,370,SC1
12753,2004-10-04,50000,Kilmarnock FC,2578,SC1
12758,2004-10-04,50000,Unknown,2553,SC1
12763,2004-10-04,50000,Kilmarnock FC,43,SC1
12765,2004-10-04,250000,Aberdeen FC,370,SC1
12769,2004-10-04,50000,Aberdeen FC,370,SC1
12772,2004-10-04,50000,Aberdeen FC,2451,SC1
12773,2004-10-04,50000,Aberdeen FC,2759,SC1
12802,2004-10-04,50000,Dundee United FC,2760,SC1
12804,2004-10-04,50000,Dundee United FC,370,SC1
12807,2004-10-04,50000,Dundee United FC,2999,SC1
12811,2004-10-04,150000,Oxford United,511,SC1
12812,2004-10-04,500000,Rangers FC,370,SC1
12813,2004-10-04,50000,Dundee FC,511,SC1
12814,2004-10-04,1500000,Crystal Palace,873,GB1
12817,2004-10-04,250000,Dunfermline Athletic FC,465,SC1
12836,2004-10-04,50000,Stockport County,2760,SC1
12840,2004-10-04,50000,Plymouth Argyle,511,SC1
12864,2004-10-04,850000,Panionios Athens,38,L1
12872,2004-10-04,50000,Panionios Athens,6418,GR1
12873,2004-10-04,250000,Panionios Athens,441,GR1
12880,2004-10-04,50000,Panionios FC,169,GR1
12883,2004-10-04,50000,Panionios Athens,1091,GR1
12888,2004-10-04,50000,PAE Thraki,28956,GR1
12895,2004-10-04,50000,Skoda Xanthi,128,GR1
12906,2004-10-04,900000,AJ Auxerre,1158,FR1
12908,2004-10-04,75000,RAEC Mons (- 2015),3508,BE1
12912,2004-10-04,1500000,KSC Lokeren (- 2020),192,NL1
12934,2004-10-04,300000,ESTAC Troyes,1095,FR1
12938,2004-10-04,350000,AEK Athens,169,GR1
12953,2004-10-04,50000,Aris Thessaloniki,4603,GR1
12957,2004-10-04,1200000,RSC Charleroi,14171,FR1
12974,2004-10-04,150000,KSC Lokeren (- 2020),498,BE1
12979,2004-10-04,50000,Aris Thessaloniki,683,GR1
12988,2004-10-04,50000,Olympiakos Nicosia,6418,GR1
13001,2004-10-04,700000,KSC Lokeren (- 2020),520,BE1
13021,2004-10-04,600000,KRC Genk,29228,BE1
13023,2004-10-04,850000,KRC Genk,354,BE1
13028,2004-10-04,500000,KRC Genk,204,BE1
13036,2004-10-04,650000,Roda JC Kerkrade,132,NL1
13037,2004-10-04,300000,Cercle Brugge ,520,BE1
13038,2004-10-04,1250000,RC Strasbourg Alsace,1084,ES1
13041,2004-10-04,650000,KSK Beveren (- 2010),498,BE1
13047,2004-10-04,750000,Germinal Beerschot Antwerpen,28643,BE1
13048,2004-10-04,900000,Germinal Beerschot Antwerpen,202,NL1
13049,2004-10-04,250000,Germinal Beerschot Antwerpen,566,BE1
13051,2004-10-04,600000,Lierse SK (- 2018),2727,BE1
13052,2004-10-04,250000,Germinal Beerschot Antwerpen,204,BE1
13058,2004-10-04,1500000,KSK Beveren (- 2010),141,TR1
